Acession;Virus;Genotype;Country;Date;Size 
AB111065;Dengue Serotype 1;Genotype V;Paraguay;1999;1485 
AB519681;Dengue Serotype 1;Genotype V;Brazil;2001;10735 
AB609588;Dengue Serotype 1;Genotype I;USA;1944;2790 
AF097020;Dengue Serotype 1;Could not assign;Peru;1940;419 
AF193860;Dengue Serotype 1;Genotype V;Peru;1940;474 
AF226685;Dengue Serotype 1;Genotype V;Brazil;1990;10735 
AF311956;Dengue Serotype 1;Genotype V;Brazil;1997;10735 
AF311957;Dengue Serotype 1;Genotype V;Brazil;1997;10735 
AF311958;Dengue Serotype 1;Genotype V;Brazil;1997;10735 
AF378168;Dengue Serotype 1;Could not assign;Peru;1940;512 
AF378169;Dengue Serotype 1;Genotype V;Peru;2000;500 
AF378170;Dengue Serotype 1;Could not assign;Peru;2000;544 
AF378171;Dengue Serotype 1;Could not assign;Peru;2000;407 
AF378172;Dengue Serotype 1;Could not assign;Peru;1997;411 
AF425609;Dengue Serotype 1;Genotype V;Aruba;1940;1485 
AF425613;Dengue Serotype 1;Genotype V;Brazil;1982;1485 
AF425614;Dengue Serotype 1;Genotype V;Brazil;1997;1485 
AF425616;Dengue Serotype 1;Genotype V;Colombia;1940;1485 
AF425617;Dengue Serotype 1;Genotype V;Colombia;1940;1485 
AF425618;Dengue Serotype 1;Genotype V;Grenada;1977;1485 
AF425619;Dengue Serotype 1;Genotype I;USA;1945;1485 
AF425621;Dengue Serotype 1;Genotype V;Jamaica;1940;1485 
AF425623;Dengue Serotype 1;Genotype V;Mexico;1940;1485 
AF425624;Dengue Serotype 1;Genotype V;Mexico;1940;1485 
AF425626;Dengue Serotype 1;Genotype V;Peru;1940;1485 
AF425631;Dengue Serotype 1;Genotype V;Trinidad and Tobago;1978;1485 
AF425632;Dengue Serotype 1;Genotype V;Venezuela;1940;1485 
AF425633;Dengue Serotype 1;Genotype V;Venezuela;1940;1485 
AF425634;Dengue Serotype 1;Genotype V;Venezuela;1940;1485 
AF425635;Dengue Serotype 1;Genotype V;Venezuela;1940;1485 
AF425636;Dengue Serotype 1;Genotype V;Venezuela;1940;1485 
AF425637;Dengue Serotype 1;Genotype V;Venezuela;1940;1485 
AF425638;Dengue Serotype 1;Genotype V;Venezuela;1940;1485 
AF425639;Dengue Serotype 1;Genotype V;Trinidad and Tobago;1986;1485 
AF426110;Dengue Serotype 1;Genotype V;Venezuela;1940;1044 
AF426113;Dengue Serotype 1;Genotype V;Brazil;1982;1044 
AF426115;Dengue Serotype 1;Genotype V;Colombia;1940;1044 
AF426116;Dengue Serotype 1;Genotype V;Colombia;1940;1044 
AF426117;Dengue Serotype 1;Genotype V;Grenada;1977;1044 
AF426118;Dengue Serotype 1;Genotype V;Venezuela;1940;1044 
AF426119;Dengue Serotype 1;Genotype I;USA;1945;1044 
AF426122;Dengue Serotype 1;Genotype V;Mexico;1940;1044 
AF426123;Dengue Serotype 1;Genotype V;Venezuela;1940;1044 
AF426125;Dengue Serotype 1;Genotype V;Peru;1940;1044 
AF426127;Dengue Serotype 1;Genotype V;Venezuela;1940;1044 
AF426131;Dengue Serotype 1;Genotype V;Trinidad and Tobago;1978;1044 
AF459605;Dengue Serotype 1;Could not assign;Mexico;1980;324 
AF459606;Dengue Serotype 1;Could not assign;Mexico;1994;324 
AF459607;Dengue Serotype 1;Could not assign;Mexico;1994;324 
AF459608;Dengue Serotype 1;Could not assign;Mexico;1994;324 
AF513110;Dengue Serotype 1;Genotype V;Brazil;2001;10735 
AF514875;Dengue Serotype 1;Could not assign;Argentina;2000;333 
AF514876;Dengue Serotype 1;Genotype V;Argentina;2000;10735 
AF514877;Dengue Serotype 1;Could not assign;Paraguay;1998;333 
AF514878;Dengue Serotype 1;Genotype V;Paraguay;2000;10735 
AF514879;Dengue Serotype 1;Could not assign;Paraguay;2000;333 
AF514880;Dengue Serotype 1;Could not assign;Argentina;2000;333 
AF514881;Dengue Serotype 1;Could not assign;Argentina;2000;333 
AF514882;Dengue Serotype 1;Could not assign;Argentina;2000;333 
AF514883;Dengue Serotype 1;Genotype V;Paraguay;2000;10735 
AF514884;Dengue Serotype 1;Could not assign;Paraguay;2000;333 
AF514885;Dengue Serotype 1;Genotype V;Argentina;2000;10735 
AF514886;Dengue Serotype 1;Could not assign;Paraguay;1988;333 
AF514887;Dengue Serotype 1;Could not assign;Paraguay;2000;333 
AF514888;Dengue Serotype 1;Could not assign;Argentina;2000;333 
AF514889;Dengue Serotype 1;Genotype V;Argentina;2000;10735 
AY079173;Dengue Serotype 1;Genotype V;Peru;2001;479 
AY153755;Dengue Serotype 1;Genotype V;Costa Rica;1993;1485 
AY153756;Dengue Serotype 1;Genotype V;Costa Rica;1993;1484 
AY153757;Dengue Serotype 1;Genotype V;Costa Rica;1993;1484 
AY206457;Dengue Serotype 1;Genotype V;Argentina;2000;10735 
AY277652;Dengue Serotype 1;Genotype V;Argentina;2000;2887 
AY277653;Dengue Serotype 1;Genotype V;Argentina;2000;2887 
AY277654;Dengue Serotype 1;Genotype V;Argentina;2000;2887 
AY277655;Dengue Serotype 1;Genotype V;Argentina;2000;2887 
AY277656;Dengue Serotype 1;Genotype V;Argentina;2000;2887 
AY277657;Dengue Serotype 1;Genotype V;Argentina;2000;2887 
AY277658;Dengue Serotype 1;Genotype V;Argentina;2000;2887 
AY277659;Dengue Serotype 1;Genotype V;Argentina;2000;10735 
AY277660;Dengue Serotype 1;Genotype V;Argentina;2000;2887 
AY277661;Dengue Serotype 1;Genotype V;Argentina;2000;2887 
AY277662;Dengue Serotype 1;Genotype V;Argentina;2000;2887 
AY277663;Dengue Serotype 1;Genotype V;Argentina;2000;2887 
AY277664;Dengue Serotype 1;Genotype V;Argentina;2000;10735 
AY277665;Dengue Serotype 1;Genotype V;Argentina;2000;10735 
AY277666;Dengue Serotype 1;Genotype V;Argentina;2000;10735 
AY566665;Dengue Serotype 1;Could not assign;Brazil;1940;291 
AY566666;Dengue Serotype 1;Could not assign;Brazil;1940;291 
AY566667;Dengue Serotype 1;Could not assign;Brazil;1940;291 
AY566668;Dengue Serotype 1;Could not assign;Brazil;1940;291 
AY566669;Dengue Serotype 1;Could not assign;Brazil;1940;291 
AY566670;Dengue Serotype 1;Could not assign;Brazil;1940;291 
AY566671;Dengue Serotype 1;Could not assign;Brazil;1940;291 
AY762080;Dengue Serotype 1;Could not assign;Brazil;1940;490 
AY762081;Dengue Serotype 1;Could not assign;Brazil;1940;484 
AY780642;Dengue Serotype 1;Genotype V;USA;1994;1485 
D00501;Dengue Serotype 1;Could not assign;Jamaica;1977;2474 
D00504;Dengue Serotype 1;Genotype IV;Mexico;1983;1494 
D00505;Dengue Serotype 1;Genotype IV;Aruba;1985;1494 
DQ091258;Dengue Serotype 1;Genotype IV;USA;1940;1485 
DQ091259;Dengue Serotype 1;Genotype IV;USA;1940;1485 
DQ091260;Dengue Serotype 1;Genotype IV;USA;1940;1485 
DQ091261;Dengue Serotype 1;Genotype IV;USA;1940;1485 
DQ091262;Dengue Serotype 1;Genotype IV;USA;1940;1485 
DQ091263;Dengue Serotype 1;Genotype IV;USA;1940;1485 
DQ091264;Dengue Serotype 1;Genotype IV;USA;1940;1485 
DQ091265;Dengue Serotype 1;Genotype IV;USA;1940;1485 
DQ091266;Dengue Serotype 1;Genotype IV;USA;1940;1485 
DQ091267;Dengue Serotype 1;Genotype IV;USA;1940;1485 
DQ091268;Dengue Serotype 1;Genotype IV;USA;1940;1485 
DQ091269;Dengue Serotype 1;Genotype IV;USA;1940;1485 
DQ091270;Dengue Serotype 1;Genotype IV;USA;1940;1485 
DQ091271;Dengue Serotype 1;Genotype IV;USA;1940;1485 
DQ091272;Dengue Serotype 1;Genotype IV;USA;1940;1485 
DQ091273;Dengue Serotype 1;Genotype IV;USA;1940;1485 
DQ323456;Dengue Serotype 1;Could not assign;Brazil;1940;1056 
DQ341188;Dengue Serotype 1;Genotype V;Mexico;1982;1485 
DQ341189;Dengue Serotype 1;Genotype V;Mexico;1984;1485 
DQ341190;Dengue Serotype 1;Genotype V;Mexico;1984;1485 
DQ341191;Dengue Serotype 1;Genotype V;Mexico;1986;1485 
DQ341192;Dengue Serotype 1;Genotype V;Mexico;1994;1485 
DQ341193;Dengue Serotype 1;Genotype V;Mexico;1995;1485 
DQ341194;Dengue Serotype 1;Genotype V;Mexico;1995;1485 
DQ672561;Dengue Serotype 1;Genotype IV;USA;2001;10735 
DQ672562;Dengue Serotype 1;Genotype IV;USA;2001;10735 
DQ672563;Dengue Serotype 1;Genotype IV;USA;2001;10735 
DQ672564;Dengue Serotype 1;Genotype IV;USA;2001;10735 
EF122231;Dengue Serotype 1;Genotype V;French Guiana;N/A;10735 
EF122232;Dengue Serotype 1;Genotype V;French Guiana;N/A;10735 
EU259554;Dengue Serotype 1;Could not assign;Brazil;2000;240 
EU259555;Dengue Serotype 1;Could not assign;Brazil;2000;240 
EU259556;Dengue Serotype 1;Could not assign;Brazil;2000;240 
EU259557;Dengue Serotype 1;Could not assign;Brazil;2001;240 
EU259558;Dengue Serotype 1;Could not assign;Brazil;2001;240 
EU259559;Dengue Serotype 1;Could not assign;Brazil;2001;240 
EU259560;Dengue Serotype 1;Could not assign;Brazil;2001;240 
EU259561;Dengue Serotype 1;Could not assign;Brazil;2002;240 
EU259562;Dengue Serotype 1;Could not assign;Brazil;2002;240 
EU259563;Dengue Serotype 1;Could not assign;Brazil;2002;240 
EU259564;Dengue Serotype 1;Could not assign;Brazil;2002;240 
EU482567;Dengue Serotype 1;Genotype V;USA;1998;10690 
EU482591;Dengue Serotype 1;Genotype V;USA;2006;10690 
EU482592;Dengue Serotype 1;Genotype V;USA;1998;10690 
EU482609;Dengue Serotype 1;Genotype V;Venezuela;2007;10690 
EU482610;Dengue Serotype 1;Genotype V;Venezuela;2007;10690 
EU482611;Dengue Serotype 1;Genotype V;Venezuela;2007;10690 
EU482615;Dengue Serotype 1;Genotype V;Nicaragua;2005;10690 
EU482616;Dengue Serotype 1;Genotype V;Nicaragua;2005;10756 
EU482617;Dengue Serotype 1;Genotype V;Nicaragua;2005;10690 
EU482618;Dengue Serotype 1;Genotype V;Nicaragua;2005;10690 
EU482619;Dengue Serotype 1;Genotype V;Nicaragua;2005;10690 
EU518594;Dengue Serotype 1;Could not assign;French Guiana;2007;419 
EU518605;Dengue Serotype 1;Could not assign;French Guiana;2008;419 
EU596501;Dengue Serotype 1;Genotype V;Nicaragua;2004;10690 
EU596502;Dengue Serotype 1;Genotype V;Nicaragua;2005;10690 
EU596503;Dengue Serotype 1;Genotype V;Nicaragua;2005;10690 
EU596504;Dengue Serotype 1;Genotype V;Nicaragua;2005;10690 
EU848545;Dengue Serotype 1;Genotype I;USA;1944;10734 
EU863646;Dengue Serotype 1;Could not assign;Chile: Easter Island;2002;416 
EU863647;Dengue Serotype 1;Could not assign;Chile: Easter Island;2002;416 
EU863648;Dengue Serotype 1;Could not assign;Chile: Easter Island;2002;416 
EU863649;Dengue Serotype 1;Could not assign;Chile: Easter Island;2002;416 
EU863650;Dengue Serotype 1;Genotype IV;Chile: Easter Island;2002;10735 
FJ024423;Dengue Serotype 1;Genotype V;Nicaragua;2005;10690 
FJ024478;Dengue Serotype 1;Genotype V;Nicaragua;2005;10690 
FJ024479;Dengue Serotype 1;Genotype V;Nicaragua;2006;10690 
FJ024480;Dengue Serotype 1;Genotype V;Nicaragua;2005;10690 
FJ024481;Dengue Serotype 1;Genotype V;Nicaragua;2005;10690 
FJ024482;Dengue Serotype 1;Genotype V;Nicaragua;2005;10690 
FJ024483;Dengue Serotype 1;Genotype V;Nicaragua;2005;10690 
FJ024484;Dengue Serotype 1;Genotype V;Nicaragua;2005;10690 
FJ024485;Dengue Serotype 1;Genotype V;Nicaragua;2005;10690 
FJ182002;Dengue Serotype 1;Genotype V;Nicaragua;2005;10690 
FJ205872;Dengue Serotype 1;Genotype V;USA;1998;10690 
FJ205873;Dengue Serotype 1;Genotype V;USA;1998;10690 
FJ205874;Dengue Serotype 1;Genotype V;USA;1995;10690 
FJ205875;Dengue Serotype 1;Genotype V;USA;1995;10690 
FJ236302;Dengue Serotype 1;Could not assign;Chile;2002;306 
FJ236303;Dengue Serotype 1;Could not assign;Chile;2002;306 
FJ384655;Dengue Serotype 1;Genotype V;Brazil;N/A;10735 
FJ390374;Dengue Serotype 1;Genotype V;USA;1995;10690 
FJ390378;Dengue Serotype 1;Genotype V;USA;1998;10690 
FJ390379;Dengue Serotype 1;Genotype V;USA;1998;10690 
FJ390380;Dengue Serotype 1;Genotype V;USA;1998;10690 
FJ410173;Dengue Serotype 1;Genotype V;USA;1998;10690 
FJ410174;Dengue Serotype 1;Genotype V;USA;1995;10690 
FJ410175;Dengue Serotype 1;Genotype V;USA;1994;10690 
FJ410179;Dengue Serotype 1;Genotype V;USA;1994;10690 
FJ410180;Dengue Serotype 1;Genotype V;USA;1995;10690 
FJ410181;Dengue Serotype 1;Genotype V;USA;1995;10671 
FJ410182;Dengue Serotype 1;Genotype V;USA;1996;10690 
FJ410183;Dengue Serotype 1;Genotype V;USA;1993;10690 
FJ410184;Dengue Serotype 1;Genotype V;USA;1993;10744 
FJ410185;Dengue Serotype 1;Genotype V;USA;1993;10690 
FJ410186;Dengue Serotype 1;Genotype V;USA;1992;10690 
FJ410187;Dengue Serotype 1;Genotype V;USA;1992;10690 
FJ410188;Dengue Serotype 1;Genotype V;USA;1996;10690 
FJ410189;Dengue Serotype 1;Genotype V;USA;1996;10690 
FJ410190;Dengue Serotype 1;Genotype V;USA;1987;10684 
FJ410290;Dengue Serotype 1;Genotype V;Nicaragua;2005;10690 
FJ432720;Dengue Serotype 1;Genotype V;Nicaragua;2005;10690 
FJ432721;Dengue Serotype 1;Genotype V;Nicaragua;2005;10690 
FJ478457;Dengue Serotype 1;Genotype V;USA;1996;10676 
FJ478458;Dengue Serotype 1;Genotype V;USA;1987;10680 
FJ547068;Dengue Serotype 1;Genotype V;Nicaragua;2006;10675 
FJ547086;Dengue Serotype 1;Genotype V;USA;1995;10690 
FJ547087;Dengue Serotype 1;Genotype V;USA;1992;10690 
FJ547088;Dengue Serotype 1;Genotype V;Nicaragua;2008;10690 
FJ547089;Dengue Serotype 1;Genotype V;Nicaragua;2005;10690 
FJ562104;Dengue Serotype 1;Genotype V;Nicaragua;2006;10688 
FJ562105;Dengue Serotype 1;Genotype V;USA;1993;10690 
FJ562106;Dengue Serotype 1;Genotype V;USA;1986;10690 
FJ639735;Dengue Serotype 1;Genotype V;Venezuela;1997;10675 
FJ639740;Dengue Serotype 1;Genotype V;Venezuela;1998;10684 
FJ639741;Dengue Serotype 1;Genotype V;Venezuela;1998;10690 
FJ639743;Dengue Serotype 1;Genotype V;Venezuela;1999;10674 
FJ639794;Dengue Serotype 1;Genotype V;Venezuela;2004;10676 
FJ639796;Dengue Serotype 1;Genotype V;Venezuela;2004;10676 
FJ639797;Dengue Serotype 1;Genotype V;Venezuela;2004;10676 
FJ639802;Dengue Serotype 1;Genotype V;Venezuela;2004;10691 
FJ639806;Dengue Serotype 1;Genotype V;Venezuela;2007;10685 
FJ639808;Dengue Serotype 1;Genotype V;Venezuela;2005;10691 
FJ639811;Dengue Serotype 1;Genotype V;Venezuela;2005;10684 
FJ639812;Dengue Serotype 1;Genotype V;Venezuela;2005;10640 
FJ639813;Dengue Serotype 1;Genotype V;Venezuela;2005;10691 
FJ639814;Dengue Serotype 1;Genotype V;Venezuela;2005;10677 
FJ639815;Dengue Serotype 1;Genotype V;Venezuela;2006;10673 
FJ639818;Dengue Serotype 1;Genotype V;Venezuela;2006;10690 
FJ639819;Dengue Serotype 1;Genotype V;Venezuela;2006;10684 
FJ639820;Dengue Serotype 1;Genotype V;Venezuela;2006;10650 
FJ639821;Dengue Serotype 1;Genotype V;Venezuela;2006;10684 
FJ639823;Dengue Serotype 1;Genotype V;Venezuela;2006;10675 
FJ639824;Dengue Serotype 1;Genotype V;Venezuela;2006;10691 
FJ744701;Dengue Serotype 1;Genotype V;Venezuela;2004;10641 
FJ810415;Dengue Serotype 1;Genotype V;Venezuela;2005;10685 
FJ810419;Dengue Serotype 1;Genotype V;Nicaragua;2006;10690 
FJ850070;Dengue Serotype 1;Genotype V;Brazil;2000;10677 
FJ850071;Dengue Serotype 1;Genotype V;Brazil;2000;10685 
FJ850073;Dengue Serotype 1;Genotype V;Brazil;2001;10692 
FJ850075;Dengue Serotype 1;Genotype V;Brazil;2002;10683 
FJ850077;Dengue Serotype 1;Genotype V;Brazil;2003;10684 
FJ850081;Dengue Serotype 1;Genotype V;Brazil;2004;10688 
FJ850084;Dengue Serotype 1;Genotype V;Brazil;2005;10686 
FJ850087;Dengue Serotype 1;Genotype V;Brazil;2006;10690 
FJ850090;Dengue Serotype 1;Genotype V;Brazil;2007;10673 
FJ850093;Dengue Serotype 1;Genotype V;Brazil;2008;10690 
FJ850099;Dengue Serotype 1;Genotype V;Venezuela;2007;10685 
FJ850100;Dengue Serotype 1;Genotype V;Venezuela;2007;10690 
FJ850101;Dengue Serotype 1;Genotype V;Venezuela;2007;10690 
FJ850102;Dengue Serotype 1;Genotype V;Venezuela;2007;10690 
FJ850103;Dengue Serotype 1;Genotype V;Venezuela;2008;10678 
FJ850104;Dengue Serotype 1;Genotype V;Venezuela;2008;10690 
FJ850113;Dengue Serotype 1;Genotype V;Nicaragua;2005;10690 
FJ850114;Dengue Serotype 1;Genotype V;Nicaragua;2005;10714 
FJ873809;Dengue Serotype 1;Genotype V;Venezuela;2007;10684 
FJ873810;Dengue Serotype 1;Genotype V;Venezuela;2007;10690 
FJ873814;Dengue Serotype 1;Genotype V;Nicaragua;2005;10672 
FJ882579;Dengue Serotype 1;Genotype V;Venezuela;2007;10674 
FJ898433;Dengue Serotype 1;Genotype V;Nicaragua;2007;10684 
FJ898437;Dengue Serotype 1;Genotype V;Nicaragua;2004;10678 
GQ199857;Dengue Serotype 1;Genotype V;Nicaragua;2008;10690 
GQ199858;Dengue Serotype 1;Genotype V;Nicaragua;2008;10690 
GQ199859;Dengue Serotype 1;Genotype V;Nicaragua;2008;10690 
GQ199867;Dengue Serotype 1;Genotype V;Nicaragua;2004;10690 
GQ199872;Dengue Serotype 1;Genotype V;Nicaragua;2004;10690 
GQ199873;Dengue Serotype 1;Genotype V;Nicaragua;2004;10690 
GQ199875;Dengue Serotype 1;Genotype V;Nicaragua;2004;10690 
GQ199877;Dengue Serotype 1;Genotype V;Venezuela;2007;10690 
GQ868498;Dengue Serotype 1;Genotype V;Mexico;2006;10684 
GQ868499;Dengue Serotype 1;Genotype V;Mexico;2006;10684 
GQ868500;Dengue Serotype 1;Genotype V;Mexico;2007;10684 
GQ868501;Dengue Serotype 1;Genotype V;Mexico;2007;10684 
GQ868502;Dengue Serotype 1;Genotype V;Mexico;2007;10689 
GQ868503;Dengue Serotype 1;Genotype V;Mexico;2007;10676 
GQ868504;Dengue Serotype 1;Genotype V;Mexico;2007;10684 
GQ868505;Dengue Serotype 1;Genotype V;Mexico;2007;10690 
GQ868506;Dengue Serotype 1;Genotype V;Mexico;2007;10684 
GQ868507;Dengue Serotype 1;Genotype V;Mexico;2007;10659 
GQ868508;Dengue Serotype 1;Genotype V;Mexico;2007;10684 
GQ868509;Dengue Serotype 1;Genotype V;Mexico;2007;10684 
GQ868510;Dengue Serotype 1;Genotype V;Mexico;2007;10684 
GQ868511;Dengue Serotype 1;Genotype V;Mexico;2007;10680 
GQ868512;Dengue Serotype 1;Genotype V;Mexico;2007;10674 
GQ868513;Dengue Serotype 1;Genotype V;Mexico;2007;10684 
GQ868514;Dengue Serotype 1;Genotype V;Mexico;2007;10684 
GQ868517;Dengue Serotype 1;Genotype V;Mexico;2007;10690 
GQ868518;Dengue Serotype 1;Genotype V;Mexico;2007;10684 
GQ868519;Dengue Serotype 1;Genotype V;Mexico;2007;10684 
GQ868520;Dengue Serotype 1;Genotype V;Mexico;2007;10690 
GQ868521;Dengue Serotype 1;Genotype V;Mexico;2007;10690 
GQ868522;Dengue Serotype 1;Genotype V;Mexico;2007;10675 
GQ868523;Dengue Serotype 1;Genotype V;Mexico;2007;10675 
GQ868524;Dengue Serotype 1;Genotype V;Mexico;2007;10690 
GQ868525;Dengue Serotype 1;Genotype V;Mexico;2007;10684 
GQ868526;Dengue Serotype 1;Genotype V;Mexico;2007;10675 
GQ868527;Dengue Serotype 1;Genotype V;Mexico;2007;10683 
GQ868528;Dengue Serotype 1;Genotype V;Mexico;2007;10688 
GQ868529;Dengue Serotype 1;Genotype V;Mexico;2008;10684 
GQ868530;Dengue Serotype 1;Genotype V;Mexico;2008;10662 
GQ868531;Dengue Serotype 1;Genotype V;Mexico;2008;10683 
GQ868532;Dengue Serotype 1;Genotype V;Mexico;2008;10681 
GQ868533;Dengue Serotype 1;Genotype V;Mexico;2008;10690 
GQ868534;Dengue Serotype 1;Genotype V;Mexico;2008;10684 
GQ868535;Dengue Serotype 1;Genotype V;Mexico;2008;10690 
GQ868536;Dengue Serotype 1;Genotype V;Mexico;2008;10684 
GQ868537;Dengue Serotype 1;Genotype V;Mexico;2008;10684 
GQ868538;Dengue Serotype 1;Genotype V;Mexico;2008;10690 
GQ868539;Dengue Serotype 1;Genotype V;Mexico;2008;10663 
GQ868559;Dengue Serotype 1;Genotype V;Colombia;1998;10690 
GQ868560;Dengue Serotype 1;Genotype V;Colombia;1998;10690 
GQ868561;Dengue Serotype 1;Genotype V;Colombia;1999;10673 
GQ868562;Dengue Serotype 1;Genotype V;Colombia;2005;10674 
GQ868563;Dengue Serotype 1;Genotype V;Colombia;2006;10661 
GQ868564;Dengue Serotype 1;Genotype V;Colombia;2006;10690 
GQ868565;Dengue Serotype 1;Genotype V;Colombia;2006;10690 
GQ868566;Dengue Serotype 1;Genotype V;Colombia;2007;10675 
GQ868567;Dengue Serotype 1;Genotype V;Colombia;2007;10690 
GQ868568;Dengue Serotype 1;Genotype V;Colombia;2007;10690 
GQ868569;Dengue Serotype 1;Genotype V;Colombia;2007;10675 
GQ868570;Dengue Serotype 1;Genotype V;Colombia;2008;10674 
GQ868601;Dengue Serotype 1;Genotype V;USA;1985;10690 
GU056029;Dengue Serotype 1;Genotype V;Venezuela;1997;10517 
GU056030;Dengue Serotype 1;Genotype V;Venezuela;1997;10486 
GU056031;Dengue Serotype 1;Genotype V;Venezuela;1998;10475 
GU056032;Dengue Serotype 1;Genotype V;Venezuela;1998;10600 
GU056033;Dengue Serotype 1;Genotype V;Venezuela;1998;10471 
GU131832;Dengue Serotype 1;Genotype V;Venezuela;2000;10460 
GU131833;Dengue Serotype 1;Genotype V;Venezuela;2000;10610 
GU131834;Dengue Serotype 1;Genotype V;Venezuela;2001;10468 
GU131835;Dengue Serotype 1;Genotype V;Venezuela;2004;10479 
GU131836;Dengue Serotype 1;Genotype V;Venezuela;2004;10556 
GU131837;Dengue Serotype 1;Genotype V;Venezuela;2005;10455 
GU131838;Dengue Serotype 1;Genotype V;Venezuela;2006;10468 
GU131839;Dengue Serotype 1;Genotype V;Venezuela;2006;10456 
GU131840;Dengue Serotype 1;Genotype V;Venezuela;2007;10485 
GU131841;Dengue Serotype 1;Genotype V;Venezuela;2007;10486 
GU131842;Dengue Serotype 1;Genotype V;Venezuela;2007;10478 
GU131863;Dengue Serotype 1;Genotype V;Brazil;2008;10532 
GU131948;Dengue Serotype 1;Genotype V;Colombia;2001;10627 
GU131949;Dengue Serotype 1;Genotype V;Colombia;2006;10486 
GU131956;Dengue Serotype 1;Genotype V;Mexico;2006;10690 
GU131957;Dengue Serotype 1;Genotype V;Mexico;2006;10677 
GU131958;Dengue Serotype 1;Genotype V;Mexico;2006;10656 
GU131960;Dengue Serotype 1;Genotype V;Mexico;2007;10684 
GU131961;Dengue Serotype 1;Genotype V;Mexico;2007;10688 
GU131962;Dengue Serotype 1;Genotype V;Mexico;2007;10681 
GU131963;Dengue Serotype 1;Genotype V;Mexico;2007;10486 
GU131964;Dengue Serotype 1;Genotype V;Mexico;2007;10690 
GU131965;Dengue Serotype 1;Genotype V;Mexico;2007;10665 
GU131966;Dengue Serotype 1;Genotype V;Mexico;2007;10650 
GU131967;Dengue Serotype 1;Genotype V;Mexico;2007;10595 
GU131968;Dengue Serotype 1;Genotype V;Mexico;2007;10487 
GU131969;Dengue Serotype 1;Genotype V;Mexico;2007;10676 
GU131970;Dengue Serotype 1;Genotype V;Mexico;2007;10675 
GU131971;Dengue Serotype 1;Genotype V;Mexico;2007;10659 
GU131972;Dengue Serotype 1;Genotype V;Mexico;2007;10652 
GU131973;Dengue Serotype 1;Genotype V;Mexico;2007;10560 
GU131976;Dengue Serotype 1;Genotype V;Mexico;2007;10487 
GU131977;Dengue Serotype 1;Genotype V;Mexico;2007;10658 
GU131978;Dengue Serotype 1;Genotype V;Mexico;2007;10656 
GU131979;Dengue Serotype 1;Genotype V;Mexico;2007;10661 
GU131980;Dengue Serotype 1;Genotype V;Mexico;2007;10608 
GU131981;Dengue Serotype 1;Genotype V;Mexico;2007;10649 
GU131982;Dengue Serotype 1;Genotype V;Mexico;2008;10687 
GU131983;Dengue Serotype 1;Genotype V;Mexico;2008;10690 
GU131984;Dengue Serotype 1;Genotype V;Mexico;2008;10677 
HM043709;Dengue Serotype 1;Genotype V;Brazil;2009;2325 
HM043710;Dengue Serotype 1;Genotype V;Brazil;2009;2325 
HM171557;Dengue Serotype 1;Genotype V;Mexico;2006;1485 
HM171558;Dengue Serotype 1;Genotype V;Mexico;2006;1485 
HM171559;Dengue Serotype 1;Genotype V;Mexico;2006;1485 
HM171560;Dengue Serotype 1;Genotype V;Mexico;2006;1485 
HM171561;Dengue Serotype 1;Genotype V;Mexico;2007;1485 
HM171562;Dengue Serotype 1;Genotype V;Mexico;2006;1485 
HM171563;Dengue Serotype 1;Genotype V;Mexico;2007;1485 
HM171564;Dengue Serotype 1;Genotype V;Mexico;2007;1485 
HM171565;Dengue Serotype 1;Genotype V;Mexico;2007;1485 
HM171566;Dengue Serotype 1;Genotype V;Mexico;2006;1485 
HM171567;Dengue Serotype 1;Genotype V;Mexico;2006;1485 
HM171568;Dengue Serotype 1;Genotype V;Mexico;2006;1485 
HM171569;Dengue Serotype 1;Genotype V;Mexico;2007;1485 
HM171570;Dengue Serotype 1;Genotype V;Mexico;2006;1485 
HM450077;Dengue Serotype 1;Genotype V;Brazil;2007;2326 
HM450078;Dengue Serotype 1;Genotype V;Brazil;2007;2326 
HM450079;Dengue Serotype 1;Genotype V;Brazil;1994;2326 
HM450080;Dengue Serotype 1;Genotype V;Brazil;1996;2326 
HM450081;Dengue Serotype 1;Genotype V;Brazil;1997;2326 
HM450082;Dengue Serotype 1;Genotype V;Brazil;1997;2326 
HM450083;Dengue Serotype 1;Genotype V;Brazil;1999;2326 
HM450084;Dengue Serotype 1;Genotype V;Brazil;2000;2326 
HM450085;Dengue Serotype 1;Genotype V;Brazil;2000;2326 
HM450086;Dengue Serotype 1;Genotype V;Brazil;2000;2326 
HM450087;Dengue Serotype 1;Genotype V;Brazil;2000;2326 
HM450088;Dengue Serotype 1;Genotype V;Brazil;2001;2326 
HM450089;Dengue Serotype 1;Genotype V;Brazil;2001;2326 
HM450090;Dengue Serotype 1;Genotype V;Brazil;2002;2326 
HM450091;Dengue Serotype 1;Genotype V;Brazil;2002;2326 
HM450092;Dengue Serotype 1;Genotype V;Brazil;2002;2326 
HM450093;Dengue Serotype 1;Genotype V;Brazil;2002;2326 
HM450094;Dengue Serotype 1;Genotype V;Brazil;2002;2326 
HM450095;Dengue Serotype 1;Genotype V;Brazil;2002;2326 
HM450096;Dengue Serotype 1;Genotype V;Brazil;2003;2326 
HM450097;Dengue Serotype 1;Genotype V;Brazil;2004;2326 
HM450098;Dengue Serotype 1;Genotype V;Brazil;2001;2326 
HM450099;Dengue Serotype 1;Genotype V;Brazil;2005;2326 
HM450100;Dengue Serotype 1;Genotype V;Brazil;2006;2326 
HM450101;Dengue Serotype 1;Genotype V;Brazil;2007;2326 
HM450102;Dengue Serotype 1;Genotype V;Brazil;2007;2326 
HM450103;Dengue Serotype 1;Genotype V;Brazil;2007;2326 
HM450104;Dengue Serotype 1;Genotype V;Brazil;2008;2326 
HM450105;Dengue Serotype 1;Genotype V;Brazil;2002;2326 
HM631855;Dengue Serotype 1;Genotype V;Mexico;2007;10645 
HM635907;Dengue Serotype 1;Genotype V;Colombia;2009;488 
HQ026760;Dengue Serotype 1;Genotype V;Brazil;1986;2325 
HQ026761;Dengue Serotype 1;Genotype V;Brazil;2009;2325 
HQ026762;Dengue Serotype 1;Genotype V;Brazil;2010;2325 
HQ166035;Dengue Serotype 1;Genotype V;Mexico;2007;10650 
HQ166036;Dengue Serotype 1;Genotype V;Mexico;2007;10675 
HQ166037;Dengue Serotype 1;Genotype V;Mexico;2008;10678 
HQ332177;Dengue Serotype 1;Genotype V;Venezuela;2006;10735 
HQ332178;Dengue Serotype 1;Genotype V;Venezuela;2006;10735 
HQ332179;Dengue Serotype 1;Genotype V;Venezuela;2007;10735 
HQ332180;Dengue Serotype 1;Genotype V;Venezuela;2006;10735 
HQ332181;Dengue Serotype 1;Genotype V;Venezuela;2006;10735 
HQ332182;Dengue Serotype 1;Genotype V;Venezuela;2006;10735 
HQ332183;Dengue Serotype 1;Genotype V;Venezuela;2007;10735 
HQ603916;Dengue Serotype 1;Genotype V;Brazil;1986;2325 
HQ603917;Dengue Serotype 1;Genotype V;Brazil;2001;2325 
HQ696612;Dengue Serotype 1;Genotype V;Brazil;2010;2325 
HQ696613;Dengue Serotype 1;Genotype V;Brazil;2010;2325 
HQ696614;Dengue Serotype 1;Genotype V;Brazil;2010;2325 
JF508842;Dengue Serotype 1;Genotype V;Colombia;2001;1333 
JF519855;Dengue Serotype 1;Genotype V;USA;2010;1708 
JF804014;Dengue Serotype 1;Genotype V;Brazil;2003;1480 
JF804015;Dengue Serotype 1;Genotype V;Colombia;2007;1480 
JF804016;Dengue Serotype 1;Genotype V;Costa Rica;2005;1480 
JF804017;Dengue Serotype 1;Genotype V;Dominican Republic;2007;1480 
JF804018;Dengue Serotype 1;Genotype V;Martinique;1989;1480 
JF804019;Dengue Serotype 1;Genotype V;Mexico;2007;1480 
JF804021;Dengue Serotype 1;Genotype V;Puerto Rico;1998;1480 
JF804022;Dengue Serotype 1;Genotype V;Puerto Rico;2007;1480 
JF804023;Dengue Serotype 1;Genotype V;USA;1987;1480 
JF804026;Dengue Serotype 1;Genotype V;Venezuela;2007;1480 
JF937635;Dengue Serotype 1;Genotype V;Nicaragua;2009;10465 
JF937644;Dengue Serotype 1;Genotype V;Nicaragua;2009;10443 
JF937645;Dengue Serotype 1;Genotype V;Nicaragua;2009;10443 
JF967804;Dengue Serotype 1;Genotype V;Honduras;2008;1485 
JF969280;Dengue Serotype 1;Genotype V;Haiti;2010;1485 
JF969281;Dengue Serotype 1;Genotype V;Haiti;2010;1485 
JF969282;Dengue Serotype 1;Genotype V;Haiti;2010;1485 
JF969283;Dengue Serotype 1;Genotype V;Haiti;2010;1485 
JF969284;Dengue Serotype 1;Genotype V;Haiti;2010;1485 
JN022597;Dengue Serotype 1;Genotype V;Martinique;2008;1485 
JN022598;Dengue Serotype 1;Genotype V;Martinique;2008;1485 
JN022599;Dengue Serotype 1;Genotype V;Martinique;2008;1485 
JN086990;Dengue Serotype 1;Could not assign;Brazil;2010;368 
JN086991;Dengue Serotype 1;Could not assign;Brazil;2010;368 
JN092558;Dengue Serotype 1;Could not assign;Brazil;2011;366 
JN092559;Dengue Serotype 1;Could not assign;Brazil;2011;366 
JN092560;Dengue Serotype 1;Could not assign;Brazil;2011;366 
JN122280;Dengue Serotype 1;Genotype V;Brazil;1986;2325 
JN122281;Dengue Serotype 1;Genotype V;Brazil;2011;2325 
JN379470;Dengue Serotype 1;Genotype V;Barbados;2001;1485 
JN379471;Dengue Serotype 1;Genotype V;Barbados;2001;1485 
JN379472;Dengue Serotype 1;Genotype V;Barbados;2003;1485 
JN379473;Dengue Serotype 1;Genotype V;Aruba;2004;1485 
JN379474;Dengue Serotype 1;Genotype V;Belize;2005;1485 
JN379475;Dengue Serotype 1;Genotype V;Bahamas;1977;1485 
JN379476;Dengue Serotype 1;Genotype V;Grenada;1977;1485 
JN379477;Dengue Serotype 1;Genotype V;Grenada;1977;1485 
JN379478;Dengue Serotype 1;Genotype V;Grenada;1977;1485 
JN379479;Dengue Serotype 1;Genotype V;Grenada;1977;1485 
JN379480;Dengue Serotype 1;Genotype V;Grenada;1977;1485 
JN379481;Dengue Serotype 1;Genotype V;Grenada;1978;1485 
JN379482;Dengue Serotype 1;Genotype V;Grenada;1978;1485 
JN379483;Dengue Serotype 1;Genotype V;Trinidad and Tobago;1981;1485 
JN379484;Dengue Serotype 1;Genotype V;Grenada;1981;1485 
JN379485;Dengue Serotype 1;Genotype V;Suriname;1981;1485 
JN379486;Dengue Serotype 1;Genotype V;Barbados;1995;1485 
JN379487;Dengue Serotype 1;Genotype V;Barbados;1999;1485 
JN415506;Dengue Serotype 1;Genotype V;Guyana;2008;1485 
JN713897;Dengue Serotype 1;Genotype V;Brazil;2010;2325 
JN819402;Dengue Serotype 1;Genotype V;Nicaragua;2005;10695 
JN819403;Dengue Serotype 1;Genotype V;Nicaragua;2006;10462 
JN819405;Dengue Serotype 1;Genotype V;Venezuela;2006;10467 
JN819410;Dengue Serotype 1;Genotype V;Venezuela;2005;10486 
JN819411;Dengue Serotype 1;Genotype V;Venezuela;2005;10493 
JN819412;Dengue Serotype 1;Genotype V;Venezuela;2005;10505 
JN819413;Dengue Serotype 1;Genotype V;Venezuela;2006;10527 
JN819414;Dengue Serotype 1;Genotype V;Venezuela;2007;10466 
JN819415;Dengue Serotype 1;Genotype V;Venezuela;2006;10498 
JN819417;Dengue Serotype 1;Genotype V;El Salvador;1993;10676 
JN819425;Dengue Serotype 1;Genotype V;Venezuela;2004;10485 
JN982362;Dengue Serotype 1;Genotype V;Brazil;2010;2325 
JQ015184;Dengue Serotype 1;Genotype V;Brazil;2010;2325 
JQ015185;Dengue Serotype 1;Genotype V;Brazil;2010;2325 
JQ045561;Dengue Serotype 1;Genotype V;USA;2010;2325 
JQ045562;Dengue Serotype 1;Genotype V;USA;2010;2325 
JQ045563;Dengue Serotype 1;Genotype V;USA;2010;2325 
JQ045564;Dengue Serotype 1;Genotype V;USA;2010;2325 
JQ065899;Dengue Serotype 1;Genotype V;Mexico;2010;1485 
JQ065900;Dengue Serotype 1;Genotype V;Mexico;2010;1485 
JQ065901;Dengue Serotype 1;Genotype V;Mexico;2010;1485 
JQ065902;Dengue Serotype 1;Genotype V;Mexico;2010;1485 
JQ065903;Dengue Serotype 1;Genotype V;Mexico;2010;1485 
JQ065904;Dengue Serotype 1;Genotype V;Mexico;2010;1485 
JQ065905;Dengue Serotype 1;Genotype V;Mexico;2010;1485 
JQ065906;Dengue Serotype 1;Genotype V;Mexico;2010;1485 
JQ065907;Dengue Serotype 1;Genotype V;Mexico;2010;1485 
JQ065908;Dengue Serotype 1;Genotype V;Mexico;2010;1485 
JQ065909;Dengue Serotype 1;Genotype V;Mexico;2010;1485 
JQ065910;Dengue Serotype 1;Genotype V;Mexico;2010;1485 
JQ065911;Dengue Serotype 1;Genotype V;Mexico;2010;1485 
JQ065912;Dengue Serotype 1;Genotype V;Mexico;2010;1485 
JQ065913;Dengue Serotype 1;Genotype V;Mexico;2010;1485 
JQ065914;Dengue Serotype 1;Genotype V;Mexico;2010;1485 
JQ065915;Dengue Serotype 1;Genotype V;Mexico;2010;1485 
JQ065916;Dengue Serotype 1;Genotype V;Mexico;2010;1485 
JQ065917;Dengue Serotype 1;Genotype V;Mexico;2010;1485 
JQ065918;Dengue Serotype 1;Genotype V;Mexico;2010;1485 
JQ065919;Dengue Serotype 1;Genotype V;Mexico;2010;1485 
JQ065920;Dengue Serotype 1;Genotype V;Mexico;2010;1485 
JQ065921;Dengue Serotype 1;Genotype V;Mexico;2010;1485 
JQ065922;Dengue Serotype 1;Genotype V;Mexico;2010;1485 
JQ065923;Dengue Serotype 1;Genotype V;Mexico;2010;1485 
JQ065924;Dengue Serotype 1;Genotype V;Mexico;2010;1485 
JQ065925;Dengue Serotype 1;Genotype V;Mexico;2010;1485 
JQ065926;Dengue Serotype 1;Genotype V;Mexico;2010;1485 
JQ065927;Dengue Serotype 1;Genotype V;Mexico;2010;1485 
JQ065928;Dengue Serotype 1;Genotype V;Mexico;2010;1485 
JQ065929;Dengue Serotype 1;Genotype V;Mexico;2010;1485 
JQ065930;Dengue Serotype 1;Genotype V;Mexico;2010;1485 
JQ065931;Dengue Serotype 1;Genotype V;Mexico;2010;1485 
JQ065932;Dengue Serotype 1;Genotype V;Mexico;2010;1485 
JQ065933;Dengue Serotype 1;Genotype V;Mexico;2010;1485 
JQ065934;Dengue Serotype 1;Genotype V;Mexico;2010;1485 
JQ065935;Dengue Serotype 1;Genotype V;Mexico;2010;1485 
JQ065936;Dengue Serotype 1;Genotype V;Mexico;2010;1365 
JQ065937;Dengue Serotype 1;Genotype V;Mexico;2010;1485 
JQ065938;Dengue Serotype 1;Genotype V;Mexico;2010;1485 
JQ065939;Dengue Serotype 1;Genotype V;Mexico;2010;1485 
JQ065940;Dengue Serotype 1;Genotype V;Mexico;2010;1421 
JQ065941;Dengue Serotype 1;Genotype V;Mexico;2010;1485 
JQ065942;Dengue Serotype 1;Genotype V;Mexico;2010;1485 
JQ065943;Dengue Serotype 1;Genotype V;Mexico;2010;1485 
JQ065944;Dengue Serotype 1;Genotype V;Mexico;2010;1411 
JQ065945;Dengue Serotype 1;Genotype V;Mexico;2010;1485 
JQ065946;Dengue Serotype 1;Genotype V;Mexico;2010;1485 
JQ065947;Dengue Serotype 1;Genotype V;Mexico;2010;1485 
JQ065948;Dengue Serotype 1;Genotype V;Mexico;2010;1485 
JQ065949;Dengue Serotype 1;Genotype V;Mexico;2010;1485 
JQ065950;Dengue Serotype 1;Genotype V;Mexico;2010;1485 
JQ065951;Dengue Serotype 1;Genotype V;Mexico;2010;1485 
JQ065952;Dengue Serotype 1;Genotype V;Mexico;2010;1436 
JQ065953;Dengue Serotype 1;Genotype V;Mexico;2010;1485 
JQ065954;Dengue Serotype 1;Genotype V;Mexico;2010;1485 
JQ065955;Dengue Serotype 1;Genotype V;Mexico;2010;1481 
JQ065956;Dengue Serotype 1;Genotype V;Mexico;2010;1485 
JQ065957;Dengue Serotype 1;Genotype V;Mexico;2010;1485 
JQ287666;Dengue Serotype 1;Genotype V;Nicaragua;2009;10461 
JQ425061;Dengue Serotype 1;Genotype V;USA;2009;1485 
JQ425062;Dengue Serotype 1;Genotype V;USA;2009;1485 
JQ425063;Dengue Serotype 1;Genotype V;USA;2009;1485 
JQ425064;Dengue Serotype 1;Genotype V;USA;2009;1485 
JQ425065;Dengue Serotype 1;Genotype V;USA;2009;1485 
JQ425066;Dengue Serotype 1;Genotype V;USA;2009;1485 
JQ425067;Dengue Serotype 1;Genotype V;USA;2009;1485 
JQ425068;Dengue Serotype 1;Genotype V;USA;2009;1485 
JQ425069;Dengue Serotype 1;Genotype V;USA;2010;1485 
JQ425070;Dengue Serotype 1;Genotype V;USA;2010;1485 
JQ425071;Dengue Serotype 1;Genotype V;USA;2010;1485 
JQ425072;Dengue Serotype 1;Genotype V;USA;2010;1485 
JQ675358;Dengue Serotype 1;Genotype V;USA;2010;10605 
JQ920428;Dengue Serotype 1;Genotype V;Mexico;2010;1485 
JQ920429;Dengue Serotype 1;Genotype V;Mexico;2010;1485 
JQ920430;Dengue Serotype 1;Genotype V;Mexico;2010;1485 
JQ920431;Dengue Serotype 1;Genotype V;Mexico;2010;1485 
JQ920432;Dengue Serotype 1;Genotype V;Mexico;2010;1485 
JQ950328;Dengue Serotype 1;Could not assign;Brazil;2012;365 
JX402207;Dengue Serotype 1;Genotype V;Puerto Rico;2010;1485 
JX402208;Dengue Serotype 1;Genotype V;Puerto Rico;2010;1485 
JX402209;Dengue Serotype 1;Genotype V;Puerto Rico;2010;1485 
JX402210;Dengue Serotype 1;Genotype V;Puerto Rico;2010;1485 
JX402211;Dengue Serotype 1;Genotype V;Puerto Rico;2010;1485 
JX402212;Dengue Serotype 1;Genotype V;Puerto Rico;2010;1485 
JX402213;Dengue Serotype 1;Genotype V;Puerto Rico;2010;1485 
JX502768;Dengue Serotype 1;Could not assign;Brazil;2008;314 
JX502769;Dengue Serotype 1;Could not assign;Brazil;2009;453 
JX502770;Dengue Serotype 1;Could not assign;Brazil;2009;398 
JX669461;Dengue Serotype 1;Genotype V;Brazil;2010;10736 
JX669462;Dengue Serotype 1;Genotype V;Brazil;2010;10737 
JX669463;Dengue Serotype 1;Genotype V;Brazil;2010;10735 
JX669464;Dengue Serotype 1;Genotype V;Brazil;2010;10736 
JX669465;Dengue Serotype 1;Genotype V;Brazil;2010;10736 
JX669466;Dengue Serotype 1;Genotype V;Brazil;2010;10737 
JX669467;Dengue Serotype 1;Genotype V;Brazil;1996;10737 
JX669468;Dengue Serotype 1;Genotype V;Brazil;1997;10736 
JX669469;Dengue Serotype 1;Genotype V;Brazil;1997;10736 
JX669470;Dengue Serotype 1;Genotype V;Brazil;1998;10728 
JX669471;Dengue Serotype 1;Genotype V;Brazil;1999;10736 
JX669472;Dengue Serotype 1;Genotype V;Brazil;2000;10736 
JX669473;Dengue Serotype 1;Genotype V;Brazil;2001;10736 
JX669474;Dengue Serotype 1;Genotype V;Brazil;2001;10720 
JX669475;Dengue Serotype 1;Genotype V;Brazil;2002;10737 
JX891659;Dengue Serotype 1;Genotype V;El Salvador;2012;1485 
JX891660;Dengue Serotype 1;Genotype V;El Salvador;2012;1485 
JX891661;Dengue Serotype 1;Genotype V;El Salvador;2012;1485 
KC692495;Dengue Serotype 1;Genotype V;Argentina;2009;10735 
KC692496;Dengue Serotype 1;Genotype V;Argentina;2009;10735 
KC692497;Dengue Serotype 1;Genotype V;Argentina;2009;10735 
KC692498;Dengue Serotype 1;Genotype V;Argentina;2009;10735 
KC692499;Dengue Serotype 1;Genotype V;Argentina;2009;10735 
KC692500;Dengue Serotype 1;Genotype V;Argentina;2009;10735 
KC692501;Dengue Serotype 1;Genotype V;Argentina;2009;10735 
KC692502;Dengue Serotype 1;Genotype V;Argentina;2009;10735 
KC692503;Dengue Serotype 1;Genotype V;Argentina;2009;10735 
KC692504;Dengue Serotype 1;Genotype V;Argentina;2009;10735 
KC692505;Dengue Serotype 1;Genotype V;Argentina;2009;10735 
KC692506;Dengue Serotype 1;Genotype V;Argentina;2009;10735 
KC692507;Dengue Serotype 1;Genotype V;Argentina;2009;10735 
KC692508;Dengue Serotype 1;Genotype V;Argentina;2009;10735 
KC692509;Dengue Serotype 1;Genotype V;Argentina;2009;10735 
KC692510;Dengue Serotype 1;Genotype V;Argentina;2009;10735 
KC692511;Dengue Serotype 1;Genotype V;Argentina;2010;10735 
KC692512;Dengue Serotype 1;Genotype V;Argentina;2010;10735 
KC692513;Dengue Serotype 1;Genotype V;Argentina;2010;10735 
KC692514;Dengue Serotype 1;Genotype V;Argentina;2010;10735 
KC692515;Dengue Serotype 1;Genotype V;Argentina;2010;10735 
KC692516;Dengue Serotype 1;Genotype V;Argentina;2010;10735 
KC692517;Dengue Serotype 1;Genotype V;Argentina;2010;10735 
KC812277;Dengue Serotype 1;Genotype V;Puerto Rico;1998;1485 
KF286646;Dengue Serotype 1;Could not assign;Brazil;2013;427 
KF286647;Dengue Serotype 1;Could not assign;Brazil;2013;427 
KF286648;Dengue Serotype 1;Could not assign;Brazil;2013;427 
KF286649;Dengue Serotype 1;Could not assign;Brazil;2013;427 
KF305670;Dengue Serotype 1;Could not assign;Brazil;2011;395 
KF417476;Dengue Serotype 1;Could not assign;Brazil;2011;453 
KF417477;Dengue Serotype 1;Could not assign;Brazil;2011;453 
KF417478;Dengue Serotype 1;Could not assign;Brazil;2011;453 
KF417479;Dengue Serotype 1;Could not assign;Brazil;2011;453 
KF417480;Dengue Serotype 1;Could not assign;Brazil;2011;453 
KF417481;Dengue Serotype 1;Could not assign;Brazil;2011;453 
KF417482;Dengue Serotype 1;Could not assign;Brazil;2011;453 
KF419418;Dengue Serotype 1;Genotype V;Paraguay;2011;1485 
KF419419;Dengue Serotype 1;Genotype V;Paraguay;2011;1485 
KF419420;Dengue Serotype 1;Genotype V;Paraguay;2011;1485 
KF419421;Dengue Serotype 1;Genotype V;Paraguay;2011;1485 
KF419422;Dengue Serotype 1;Genotype V;Paraguay;2011;1485 
KF419423;Dengue Serotype 1;Genotype V;Paraguay;2011;1485 
KF419424;Dengue Serotype 1;Genotype V;Paraguay;2011;1485 
KF419425;Dengue Serotype 1;Genotype V;Paraguay;2011;1485 
KF419426;Dengue Serotype 1;Genotype V;Paraguay;2011;1485 
KF419427;Dengue Serotype 1;Genotype V;Paraguay;2011;1485 
KF419428;Dengue Serotype 1;Genotype V;Paraguay;2011;1485 
KF419429;Dengue Serotype 1;Genotype V;Paraguay;2011;1485 
KF419430;Dengue Serotype 1;Genotype V;Paraguay;2011;1485 
KF419431;Dengue Serotype 1;Genotype V;Paraguay;2011;1485 
KF419432;Dengue Serotype 1;Genotype V;Paraguay;2011;1485 
KF444780;Dengue Serotype 1;Genotype V;Brazil;2009;1485 
KF444781;Dengue Serotype 1;Genotype V;Brazil;2009;1485 
KF444782;Dengue Serotype 1;Genotype V;Brazil;2009;1485 
KF444783;Dengue Serotype 1;Genotype V;Brazil;2009;1485 
KF444784;Dengue Serotype 1;Genotype V;Brazil;2009;1485 
KF444785;Dengue Serotype 1;Genotype V;Brazil;2009;1485 
KF444786;Dengue Serotype 1;Genotype V;Brazil;2010;1485 
KF444787;Dengue Serotype 1;Genotype V;Brazil;2010;1485 
KF444788;Dengue Serotype 1;Genotype V;Brazil;2010;1485 
KF444789;Dengue Serotype 1;Genotype V;Brazil;2008;1485 
KF444790;Dengue Serotype 1;Genotype V;Brazil;2009;1485 
KF444791;Dengue Serotype 1;Genotype V;Brazil;2009;1485 
KF444792;Dengue Serotype 1;Genotype V;Brazil;2010;1485 
KF444908;Dengue Serotype 1;Genotype V;Puerto Rico;2012;1485 
KF444909;Dengue Serotype 1;Genotype V;Puerto Rico;2012;1485 
KF444910;Dengue Serotype 1;Genotype V;Puerto Rico;2012;1485 
KF444911;Dengue Serotype 1;Genotype V;Puerto Rico;2012;1485 
KF444912;Dengue Serotype 1;Genotype V;Puerto Rico;2012;1485 
KF444913;Dengue Serotype 1;Genotype V;Puerto Rico;2012;1485 
KF444914;Dengue Serotype 1;Genotype V;Puerto Rico;2012;1485 
KF444915;Dengue Serotype 1;Genotype V;Puerto Rico;2012;1485 
KF444916;Dengue Serotype 1;Genotype V;Puerto Rico;2013;1485 
KF444917;Dengue Serotype 1;Genotype V;Puerto Rico;2012;1485 
KF444918;Dengue Serotype 1;Genotype V;Puerto Rico;2013;1485 
KF444919;Dengue Serotype 1;Genotype V;Puerto Rico;2012;1485 
KF444920;Dengue Serotype 1;Genotype V;Puerto Rico;2013;1485 
KF444921;Dengue Serotype 1;Genotype V;Puerto Rico;2013;1485 
KF444922;Dengue Serotype 1;Genotype V;Puerto Rico;2012;1485 
KF672759;Dengue Serotype 1;Genotype V;Brazil;2010;10176 
KF672760;Dengue Serotype 1;Genotype V;Brazil;2011;10176 
KF672761;Dengue Serotype 1;Genotype V;Brazil;1988;10176 
KF672762;Dengue Serotype 1;Genotype V;Brazil;1989;10176 
KF672763;Dengue Serotype 1;Genotype V;Brazil;2000;10176 
KF672764;Dengue Serotype 1;Genotype V;Brazil;2001;10176 
KF672765;Dengue Serotype 1;Genotype V;Brazil;2011;2325 
KF672766;Dengue Serotype 1;Genotype V;Brazil;2011;2325 
KF672767;Dengue Serotype 1;Genotype V;Brazil;2011;2325 
KF672768;Dengue Serotype 1;Genotype V;Brazil;2010;2325 
KF672769;Dengue Serotype 1;Genotype V;Brazil;1997;2325 
KF672770;Dengue Serotype 1;Genotype V;Brazil;1997;2325 
KF672771;Dengue Serotype 1;Genotype V;Brazil;1997;2325 
KF672772;Dengue Serotype 1;Genotype V;Brazil;1997;2325 
KF672773;Dengue Serotype 1;Genotype V;Brazil;1997;2325 
KF672774;Dengue Serotype 1;Genotype V;Brazil;1998;2325 
KF672775;Dengue Serotype 1;Genotype V;Brazil;1998;2325 
KF672776;Dengue Serotype 1;Genotype V;Brazil;1998;2325 
KF672777;Dengue Serotype 1;Genotype V;Brazil;1998;2325 
KF672778;Dengue Serotype 1;Genotype V;Brazil;1998;2325 
KF672779;Dengue Serotype 1;Genotype V;Brazil;1998;2325 
KF672780;Dengue Serotype 1;Genotype V;Brazil;1999;2325 
KF672781;Dengue Serotype 1;Genotype V;Brazil;1999;2325 
KF672782;Dengue Serotype 1;Genotype V;Brazil;2000;2325 
KF672783;Dengue Serotype 1;Genotype V;Brazil;2002;2325 
KF672784;Dengue Serotype 1;Genotype V;Brazil;2011;2325 
KF672785;Dengue Serotype 1;Genotype V;Brazil;2010;2325 
KF672786;Dengue Serotype 1;Genotype V;Brazil;2010;2325 
KF672787;Dengue Serotype 1;Genotype V;Brazil;2000;2325 
KF672788;Dengue Serotype 1;Genotype V;Brazil;2001;2325 
KF672789;Dengue Serotype 1;Genotype V;Brazil;2001;2325 
KF672790;Dengue Serotype 1;Genotype V;Brazil;2011;1485 
KF672791;Dengue Serotype 1;Genotype V;Brazil;1991;1485 
KF672792;Dengue Serotype 1;Genotype V;Brazil;1999;1485 
KF719187;Dengue Serotype 1;Genotype V;Brazil;2010;2325 
KF809750;Dengue Serotype 1;Genotype V;Puerto Rico;2012;1485 
KF809751;Dengue Serotype 1;Genotype V;Puerto Rico;2012;1485 
KF809752;Dengue Serotype 1;Genotype V;Puerto Rico;2013;1485 
KF809753;Dengue Serotype 1;Genotype V;Puerto Rico;2013;1485 
KF921911;Dengue Serotype 1;Genotype V;Puerto Rico;1996;10609 
KF955403;Dengue Serotype 1;Genotype V;Nicaragua;2005;7868 
KF955404;Dengue Serotype 1;Genotype V;Nicaragua;2005;7870 
KF955407;Dengue Serotype 1;Genotype V;Venezuela;2005;10614 
KF955408;Dengue Serotype 1;Genotype V;Venezuela;2007;8217 
KF955409;Dengue Serotype 1;Genotype V;Nicaragua;2005;7869 
KF955410;Dengue Serotype 1;Genotype V;Nicaragua;2008;3464 
KF955411;Dengue Serotype 1;Genotype V;Venezuela;2000;9286 
KF955412;Dengue Serotype 1;Genotype V;Venezuela;2004;4534 
KF955413;Dengue Serotype 1;Genotype V;Venezuela;2006;9308 
KF955414;Dengue Serotype 1;Genotype V;Venezuela;2006;5287 
KF955415;Dengue Serotype 1;Genotype V;Mexico;2006;10508 
KF955416;Dengue Serotype 1;Genotype V;Mexico;2006;10690 
KF955417;Dengue Serotype 1;Genotype V;Mexico;2006;10690 
KF955418;Dengue Serotype 1;Genotype V;Mexico;2007;6028 
KF955419;Dengue Serotype 1;Genotype V;Mexico;2007;10690 
KF955420;Dengue Serotype 1;Genotype V;Mexico;2007;10669 
KF955421;Dengue Serotype 1;Genotype V;Mexico;2007;10654 
KF955422;Dengue Serotype 1;Genotype V;Mexico;2007;10669 
KF955423;Dengue Serotype 1;Genotype V;Mexico;2007;6474 
KF955424;Dengue Serotype 1;Genotype V;Mexico;2007;9928 
KF955425;Dengue Serotype 1;Genotype V;Mexico;2007;8995 
KF955426;Dengue Serotype 1;Genotype V;Mexico;2007;5505 
KF955427;Dengue Serotype 1;Genotype V;Mexico;2007;10695 
KF955428;Dengue Serotype 1;Genotype V;Mexico;2007;10681 
KF955429;Dengue Serotype 1;Genotype V;Mexico;2007;5783 
KF955430;Dengue Serotype 1;Genotype V;Mexico;2007;5680 
KF955431;Dengue Serotype 1;Genotype V;Mexico;2007;6319 
KF955432;Dengue Serotype 1;Genotype V;Mexico;2008;5943 
KF955433;Dengue Serotype 1;Genotype V;Mexico;2008;10686 
KF955437;Dengue Serotype 1;Genotype V;Puerto Rico;1998;9725 
KF955438;Dengue Serotype 1;Genotype V;Puerto Rico;1998;9869 
KF955439;Dengue Serotype 1;Genotype V;Puerto Rico;1995;9873 
KF955441;Dengue Serotype 1;Genotype V;Venezuela;2007;10600 
KF955442;Dengue Serotype 1;Genotype V;Mexico;2007;10628 
KF955443;Dengue Serotype 1;Genotype V;Mexico;2007;10686 
KF973453;Dengue Serotype 1;Genotype V;Nicaragua;2011;10303 
KF973454;Dengue Serotype 1;Genotype V;Nicaragua;2012;10619 
KF973455;Dengue Serotype 1;Genotype V;Nicaragua;2012;10606 
KF973456;Dengue Serotype 1;Genotype V;Nicaragua;2012;10327 
KF973457;Dengue Serotype 1;Genotype V;Nicaragua;2012;10615 
KF973458;Dengue Serotype 1;Genotype V;Nicaragua;2012;10290 
KF973459;Dengue Serotype 1;Genotype V;Nicaragua;2011;10238 
KF973460;Dengue Serotype 1;Genotype V;Nicaragua;2011;10630 
KF973461;Dengue Serotype 1;Genotype V;Nicaragua;2012;10580 
KF973462;Dengue Serotype 1;Genotype V;Nicaragua;2011;10336 
KF973463;Dengue Serotype 1;Genotype V;Nicaragua;2012;10608 
KF973464;Dengue Serotype 1;Genotype V;Nicaragua;2012;10608 
KF973465;Dengue Serotype 1;Genotype V;Nicaragua;2012;10559 
KF973466;Dengue Serotype 1;Genotype V;Nicaragua;2012;10618 
KF973467;Dengue Serotype 1;Genotype V;Nicaragua;2012;10198 
KF973468;Dengue Serotype 1;Genotype V;Nicaragua;2012;10599 
KF973469;Dengue Serotype 1;Genotype V;Nicaragua;2012;10620 
KF973470;Dengue Serotype 1;Genotype V;Nicaragua;2012;10731 
KF973471;Dengue Serotype 1;Genotype V;Nicaragua;2012;10625 
KF973472;Dengue Serotype 1;Genotype V;Nicaragua;2012;10616 
KF973473;Dengue Serotype 1;Genotype V;Nicaragua;2012;10304 
KF973474;Dengue Serotype 1;Genotype V;Nicaragua;2012;10616 
KF973475;Dengue Serotype 1;Genotype V;Nicaragua;2012;10615 
KJ189302;Dengue Serotype 1;Genotype V;Colombia;1998;10445 
KJ189303;Dengue Serotype 1;Genotype V;Colombia;1998;10445 
KJ189304;Dengue Serotype 1;Genotype V;Colombia;2005;10447 
KJ189306;Dengue Serotype 1;Genotype V;Mexico;2011;10445 
KJ189307;Dengue Serotype 1;Genotype V;Mexico;2011;10445 
KJ189312;Dengue Serotype 1;Genotype V;Mexico;2008;10444 
KJ189313;Dengue Serotype 1;Genotype V;Mexico;2008;10445 
KJ189314;Dengue Serotype 1;Genotype V;Mexico;2008;10450 
KJ189315;Dengue Serotype 1;Genotype V;Mexico;2008;10448 
KJ189316;Dengue Serotype 1;Genotype V;Mexico;2009;10445 
KJ189317;Dengue Serotype 1;Genotype V;Mexico;2007;10448 
KJ189318;Dengue Serotype 1;Genotype V;Mexico;2007;10444 
KJ189319;Dengue Serotype 1;Genotype V;Mexico;2007;10446 
KJ189320;Dengue Serotype 1;Genotype V;Mexico;2007;10445 
KJ189321;Dengue Serotype 1;Genotype V;Mexico;2007;10444 
KJ189322;Dengue Serotype 1;Genotype V;Mexico;2007;10445 
KJ189323;Dengue Serotype 1;Genotype V;Mexico;2007;10445 
KJ189324;Dengue Serotype 1;Genotype V;Mexico;2007;10444 
KJ189325;Dengue Serotype 1;Genotype V;Mexico;2007;10444 
KJ189326;Dengue Serotype 1;Genotype V;Mexico;2007;10449 
KJ189327;Dengue Serotype 1;Genotype V;Mexico;2007;10445 
KJ189328;Dengue Serotype 1;Genotype V;Mexico;2007;10444 
KJ189329;Dengue Serotype 1;Genotype V;Mexico;2007;10449 
KJ189330;Dengue Serotype 1;Genotype V;Mexico;2007;10448 
KJ189331;Dengue Serotype 1;Genotype V;Mexico;2008;10448 
KJ189332;Dengue Serotype 1;Genotype V;Mexico;2008;10301 
KJ189333;Dengue Serotype 1;Genotype V;Mexico;2008;10445 
KJ189334;Dengue Serotype 1;Genotype V;Mexico;2008;10445 
KJ189335;Dengue Serotype 1;Genotype V;Mexico;2008;10444 
KJ189336;Dengue Serotype 1;Genotype V;Mexico;2008;10448 
KJ189337;Dengue Serotype 1;Genotype V;Mexico;2008;10446 
KJ189338;Dengue Serotype 1;Genotype V;Mexico;2008;10448 
KJ189339;Dengue Serotype 1;Genotype V;Mexico;2008;10449 
KJ189340;Dengue Serotype 1;Genotype V;Mexico;2008;10444 
KJ189341;Dengue Serotype 1;Genotype V;Mexico;2009;10445 
KJ189342;Dengue Serotype 1;Genotype V;Mexico;2009;10444 
KJ189343;Dengue Serotype 1;Genotype V;Mexico;2009;10444 
KJ189344;Dengue Serotype 1;Genotype V;Mexico;2009;10444 
KJ189345;Dengue Serotype 1;Genotype V;Mexico;2009;10444 
KJ189346;Dengue Serotype 1;Genotype V;Mexico;2009;10442 
KJ189347;Dengue Serotype 1;Genotype V;Mexico;2009;10444 
KJ189348;Dengue Serotype 1;Genotype V;Mexico;2011;10445 
KJ189349;Dengue Serotype 1;Genotype V;Mexico;2011;10384 
KJ189350;Dengue Serotype 1;Genotype V;Puerto Rico;2012;10445 
KJ189351;Dengue Serotype 1;Genotype V;Puerto Rico;2012;10448 
KJ189352;Dengue Serotype 1;Genotype V;Puerto Rico;2012;10448 
KJ189353;Dengue Serotype 1;Genotype V;Puerto Rico;2012;10444 
KJ189354;Dengue Serotype 1;Genotype V;Puerto Rico;2012;10443 
KJ189355;Dengue Serotype 1;Genotype V;Puerto Rico;2012;10444 
KJ189356;Dengue Serotype 1;Genotype V;Puerto Rico;2012;10442 
KJ189357;Dengue Serotype 1;Genotype V;Puerto Rico;2012;10444 
KJ189358;Dengue Serotype 1;Genotype V;Puerto Rico;2012;10444 
KJ189359;Dengue Serotype 1;Genotype V;Puerto Rico;2012;10444 
KJ189360;Dengue Serotype 1;Genotype V;Puerto Rico;2010;10265 
KJ189361;Dengue Serotype 1;Genotype V;Puerto Rico;2010;10522 
KJ189362;Dengue Serotype 1;Genotype V;Puerto Rico;2010;10456 
KJ189363;Dengue Serotype 1;Genotype V;Puerto Rico;2010;10648 
KJ189364;Dengue Serotype 1;Genotype V;Puerto Rico;2010;10444 
KJ189365;Dengue Serotype 1;Genotype V;Puerto Rico;2010;10798 
KJ189366;Dengue Serotype 1;Genotype V;Puerto Rico;2010;10453 
KJ189367;Dengue Serotype 1;Genotype V;Puerto Rico;2010;10452 
KJ189368;Dengue Serotype 1;Genotype V;Mexico;2012;10480 
KJ189369;Dengue Serotype 1;Genotype V;Mexico;2011;10456 
KJ415284;Dengue Serotype 1;Genotype V;USA;2013;2542 
KJ534633;Dengue Serotype 1;Genotype V;Costa Rica;2012;630 
KJ651911;Dengue Serotype 1;Genotype V;Brazil;2012;789 
KJ651912;Dengue Serotype 1;Genotype V;Brazil;2012;1485 
KJ676957;Dengue Serotype 1;Genotype V;USA;2013;1485 
KM085990;Dengue Serotype 1;Could not assign;Brazil;2012;366 
KM085991;Dengue Serotype 1;Could not assign;Brazil;2012;353 
KM093798;Dengue Serotype 1;Genotype V;Brazil;2013;486 
KM093799;Dengue Serotype 1;Genotype V;Brazil;2013;486 
KM093800;Dengue Serotype 1;Genotype V;Brazil;2013;486 
KM204119;Dengue Serotype 1;Genotype I;USA;1945;10736 
KM279411;Dengue Serotype 1;Genotype V;Mexico;2012;1485 
KM279412;Dengue Serotype 1;Genotype V;Mexico;2012;1485 
KM279413;Dengue Serotype 1;Genotype V;Mexico;2012;1485 
KM279414;Dengue Serotype 1;Genotype V;Mexico;2011;1485 
KM279415;Dengue Serotype 1;Genotype V;Mexico;2012;1485 
KM279416;Dengue Serotype 1;Genotype V;Mexico;2012;1485 
KM279417;Dengue Serotype 1;Genotype V;Mexico;2012;1485 
KM279418;Dengue Serotype 1;Genotype V;Mexico;2012;1485 
KM279419;Dengue Serotype 1;Genotype V;Mexico;2012;1485 
KM279420;Dengue Serotype 1;Genotype V;Mexico;2012;1485 
KM458186;Dengue Serotype 1;Genotype V;USA;2014;1485 
KM458187;Dengue Serotype 1;Genotype V;USA;2014;1485 
KM458188;Dengue Serotype 1;Genotype V;USA;2014;1485 
KM458189;Dengue Serotype 1;Genotype V;USA;2014;1485 
KM458190;Dengue Serotype 1;Genotype V;USA;2014;1485 
KP710881;Dengue Serotype 1;Could not assign;Brazil;2013;360 
KP858105;Dengue Serotype 1;Genotype V;Brazil;2013;1485 
KP858106;Dengue Serotype 1;Genotype V;Brazil;2013;1485 
KP858107;Dengue Serotype 1;Genotype V;Brazil;2013;1485 
KP858108;Dengue Serotype 1;Genotype V;Brazil;2013;1485 
KP858109;Dengue Serotype 1;Genotype V;Brazil;2013;1485 
KP858110;Dengue Serotype 1;Genotype V;Brazil;2013;1485 
KP858111;Dengue Serotype 1;Genotype V;Brazil;2013;1485 
KP858112;Dengue Serotype 1;Genotype V;Brazil;2013;1485 
KP858113;Dengue Serotype 1;Genotype V;Brazil;2013;1485 
KP858114;Dengue Serotype 1;Genotype V;Brazil;2013;1485 
KP858115;Dengue Serotype 1;Genotype V;Brazil;2013;1485 
KP858116;Dengue Serotype 1;Genotype V;Brazil;2013;1485 
KP858117;Dengue Serotype 1;Genotype V;Brazil;2013;1485 
KP858118;Dengue Serotype 1;Genotype V;Brazil;2013;1485 
KP858119;Dengue Serotype 1;Genotype V;Brazil;2013;1485 
KP903770;Dengue Serotype 1;Genotype V;Brazil;2013;1485 
KP903771;Dengue Serotype 1;Genotype V;Brazil;2013;1485 
KP903772;Dengue Serotype 1;Genotype V;Brazil;2013;1485 
KP903773;Dengue Serotype 1;Genotype V;Brazil;2013;1485 
KP903774;Dengue Serotype 1;Genotype V;Brazil;2013;1485 
KP903775;Dengue Serotype 1;Genotype V;Brazil;2013;1485 
KP903776;Dengue Serotype 1;Genotype V;Brazil;2013;1485 
KP903777;Dengue Serotype 1;Genotype V;Brazil;2013;1485 
KP903778;Dengue Serotype 1;Genotype V;Brazil;2013;1485 
KP903779;Dengue Serotype 1;Genotype V;Brazil;2013;1485 
KP903780;Dengue Serotype 1;Could not assign;Brazil;2013;1485 
KP903781;Dengue Serotype 1;Genotype V;Brazil;2013;1485 
KT279761;Dengue Serotype 1;Genotype V;Haiti;2014;10720 
KT438562;Dengue Serotype 1;Genotype V;Brazil;2009;1485 
KT438563;Dengue Serotype 1;Genotype V;Brazil;2010;1485 
KT438564;Dengue Serotype 1;Genotype V;Brazil;2010;1485 
KT438565;Dengue Serotype 1;Genotype V;Brazil;2011;1485 
KT438566;Dengue Serotype 1;Genotype V;Brazil;2011;1485 
KT438567;Dengue Serotype 1;Genotype V;Brazil;2011;1485 
KT438568;Dengue Serotype 1;Genotype V;Brazil;2011;1485 
KT438569;Dengue Serotype 1;Genotype V;Brazil;2011;1485 
KT438570;Dengue Serotype 1;Genotype V;Brazil;2011;1485 
KT438571;Dengue Serotype 1;Genotype V;Brazil;2011;1485 
KT438572;Dengue Serotype 1;Genotype V;Brazil;2011;1485 
KT438573;Dengue Serotype 1;Genotype V;Brazil;2011;1485 
KT438574;Dengue Serotype 1;Genotype V;Brazil;2011;1485 
KT438575;Dengue Serotype 1;Genotype V;Brazil;2011;1485 
KT438576;Dengue Serotype 1;Genotype V;Brazil;2011;1485 
KT438577;Dengue Serotype 1;Genotype V;Brazil;2011;1485 
KT438578;Dengue Serotype 1;Genotype V;Brazil;2012;1485 
KT438579;Dengue Serotype 1;Genotype V;Brazil;2012;1485 
KT438580;Dengue Serotype 1;Genotype V;Brazil;2012;1485 
KT438581;Dengue Serotype 1;Genotype V;Brazil;2012;1485 
KT438582;Dengue Serotype 1;Genotype V;Brazil;2012;1485 
KT438583;Dengue Serotype 1;Genotype V;Brazil;2012;1485 
KT438584;Dengue Serotype 1;Genotype V;Brazil;2013;1485 
KT438585;Dengue Serotype 1;Genotype V;Brazil;2013;1485 
KT438586;Dengue Serotype 1;Genotype V;Brazil;2013;1485 
KT438587;Dengue Serotype 1;Genotype V;Brazil;2013;1485 
KT438588;Dengue Serotype 1;Genotype V;Brazil;2013;1485 
KT438589;Dengue Serotype 1;Genotype V;Brazil;2014;1485 
KT968081;Dengue Serotype 1;Could not assign;Brazil;2007;279 
KT968082;Dengue Serotype 1;Could not assign;Brazil;2007;279 
KT968083;Dengue Serotype 1;Could not assign;Brazil;2007;279 
KT968084;Dengue Serotype 1;Could not assign;Brazil;2007;279 
KT968085;Dengue Serotype 1;Could not assign;Brazil;2007;279 
KT968086;Dengue Serotype 1;Could not assign;Brazil;2007;279 
KT968087;Dengue Serotype 1;Could not assign;Brazil;2007;279 
KT968088;Dengue Serotype 1;Could not assign;Brazil;2007;279 
KT968089;Dengue Serotype 1;Could not assign;Brazil;2007;279 
KT968090;Dengue Serotype 1;Could not assign;Brazil;2007;279 
KT968091;Dengue Serotype 1;Could not assign;Brazil;2007;279 
KT968092;Dengue Serotype 1;Could not assign;Brazil;2007;279 
KT968093;Dengue Serotype 1;Could not assign;Brazil;2007;279 
KT968094;Dengue Serotype 1;Could not assign;Brazil;2007;279 
KT968095;Dengue Serotype 1;Could not assign;Brazil;2007;279 
KT968096;Dengue Serotype 1;Could not assign;Brazil;2007;279 
KT968097;Dengue Serotype 1;Could not assign;Brazil;2007;279 
KT968098;Dengue Serotype 1;Could not assign;Brazil;2007;279 
KT968099;Dengue Serotype 1;Could not assign;Brazil;2007;279 
KT968100;Dengue Serotype 1;Could not assign;Brazil;2007;279 
KT968101;Dengue Serotype 1;Could not assign;Brazil;2007;279 
KT968102;Dengue Serotype 1;Could not assign;Brazil;2007;279 
KT968103;Dengue Serotype 1;Could not assign;Brazil;2007;279 
KU509249;Dengue Serotype 1;Genotype V;Jamaica;2012;10582 
KU509251;Dengue Serotype 1;Genotype V;Venezuela;2008;10290 
KU509252;Dengue Serotype 1;Genotype V;Venezuela;2010;10554 
KU509254;Dengue Serotype 1;Genotype V;Venezuela;2011;10569 
KU509264;Dengue Serotype 1;Genotype V;Haiti;2010;10246 
KU509295;Dengue Serotype 1;Genotype V;Puerto Rico;2013;1485 
KU509311;Dengue Serotype 1;Genotype V;Brazil;2014;1485 
KU509312;Dengue Serotype 1;Genotype V;Nicaragua;2014;1485 
KU615569;Dengue Serotype 1;Could not assign;Brazil;2015;363 
KU726002;Dengue Serotype 1;Could not assign;Brazil;2015;222 
KU728183;Dengue Serotype 1;Genotype V;Belize;2005;1485 
KU728184;Dengue Serotype 1;Genotype V;Belize;2005;1485 
KU728185;Dengue Serotype 1;Genotype V;Belize;2010;1485 
KU728186;Dengue Serotype 1;Genotype V;Dominica;2010;1485 
KU728187;Dengue Serotype 1;Genotype V;Dominica;2010;1485 
KU728188;Dengue Serotype 1;Genotype V;Dominica;2010;1485 
KX544822;Dengue Serotype 1;Could not assign;Costa Rica;2015;456 
KX544823;Dengue Serotype 1;Could not assign;Costa Rica;2015;445 
KX611847;Dengue Serotype 1;Could not assign;Brazil;2016;434 
KX768338;Dengue Serotype 1;Genotype V;Argentina;2016;1485 
KX768339;Dengue Serotype 1;Genotype V;Argentina;2016;1485 
KX768340;Dengue Serotype 1;Genotype V;Argentina;2016;1485 
KX768341;Dengue Serotype 1;Genotype V;Argentina;2016;1485 
KX768342;Dengue Serotype 1;Genotype V;Argentina;2016;1485 
KX768343;Dengue Serotype 1;Genotype V;Argentina;2016;1485 
KX768344;Dengue Serotype 1;Genotype V;Argentina;2016;1485 
KX768345;Dengue Serotype 1;Genotype V;Argentina;2016;1485 
KX768346;Dengue Serotype 1;Genotype V;Argentina;2016;1485 
KX768347;Dengue Serotype 1;Genotype V;Argentina;2016;1485 
KX768348;Dengue Serotype 1;Genotype V;Argentina;2016;1485 
KX768349;Dengue Serotype 1;Genotype V;Argentina;2016;1485 
KX768350;Dengue Serotype 1;Genotype V;Argentina;2016;1485 
KX768351;Dengue Serotype 1;Genotype V;Argentina;2016;1485 
KX768352;Dengue Serotype 1;Genotype V;Argentina;2016;1485 
KX768353;Dengue Serotype 1;Genotype V;Argentina;2016;1485 
KX768354;Dengue Serotype 1;Genotype V;Argentina;2016;1485 
KX768355;Dengue Serotype 1;Genotype V;Argentina;2016;1485 
KX768356;Dengue Serotype 1;Genotype V;Argentina;2016;1485 
KX768357;Dengue Serotype 1;Genotype V;Argentina;2016;1485 
KX768358;Dengue Serotype 1;Genotype V;Argentina;2016;1485 
KX768359;Dengue Serotype 1;Genotype V;Argentina;2016;1485 
KX768360;Dengue Serotype 1;Genotype V;Argentina;2016;1485 
KX768361;Dengue Serotype 1;Genotype V;Argentina;2016;1485 
KX768362;Dengue Serotype 1;Genotype V;Argentina;2016;1485 
KX768363;Dengue Serotype 1;Genotype V;Argentina;2016;1485 
KX768364;Dengue Serotype 1;Genotype V;Argentina;2016;1485 
KX768365;Dengue Serotype 1;Genotype V;Argentina;2016;1485 
KX768366;Dengue Serotype 1;Genotype V;Argentina;2016;1485 
KX768367;Dengue Serotype 1;Genotype V;Argentina;2016;1485 
KX768368;Dengue Serotype 1;Genotype V;Argentina;2016;1485 
KX768369;Dengue Serotype 1;Genotype V;Argentina;2016;1485 
KX768370;Dengue Serotype 1;Genotype V;Argentina;2016;1485 
KX768371;Dengue Serotype 1;Genotype V;Argentina;2016;1485 
KX768372;Dengue Serotype 1;Genotype V;Argentina;2016;1485 
KX768373;Dengue Serotype 1;Genotype V;Argentina;2016;1485 
KX768374;Dengue Serotype 1;Genotype V;Argentina;2016;1485 
KX768375;Dengue Serotype 1;Genotype V;Argentina;2016;1485 
KX768376;Dengue Serotype 1;Genotype V;Argentina;2016;1485 
KX768377;Dengue Serotype 1;Genotype V;Argentina;2016;1485 
KX768378;Dengue Serotype 1;Genotype V;Argentina;2016;1485 
KX768379;Dengue Serotype 1;Genotype V;Argentina;2016;1485 
KX768380;Dengue Serotype 1;Genotype V;Argentina;2016;1485 
KX768381;Dengue Serotype 1;Genotype V;Argentina;2016;1485 
KX768382;Dengue Serotype 1;Genotype V;Argentina;2016;1485 
KX768383;Dengue Serotype 1;Genotype V;Argentina;2016;1485 
KX768384;Dengue Serotype 1;Genotype V;Argentina;2016;1485 
KX768385;Dengue Serotype 1;Genotype V;Argentina;2016;1485 
KX768386;Dengue Serotype 1;Genotype V;Argentina;2016;1485 
KX768387;Dengue Serotype 1;Genotype V;Argentina;2016;1485 
KX768388;Dengue Serotype 1;Genotype V;Argentina;2016;1485 
KX768389;Dengue Serotype 1;Genotype V;Argentina;2016;1485 
KX768390;Dengue Serotype 1;Genotype V;Argentina;2016;1485 
KX768391;Dengue Serotype 1;Genotype V;Argentina;2016;1485 
KX768392;Dengue Serotype 1;Genotype V;Argentina;2016;1485 
KX768393;Dengue Serotype 1;Genotype V;Argentina;2016;1485 
KX768394;Dengue Serotype 1;Genotype V;Argentina;2016;1485 
KX768395;Dengue Serotype 1;Genotype V;Argentina;2016;1485 
KX768396;Dengue Serotype 1;Genotype V;Argentina;2016;1485 
KX768397;Dengue Serotype 1;Genotype V;Argentina;2016;1485 
KX768398;Dengue Serotype 1;Genotype V;Argentina;2016;1485 
KX768399;Dengue Serotype 1;Genotype V;Argentina;2016;1485 
KX768400;Dengue Serotype 1;Genotype V;Argentina;2016;1485 
KX768401;Dengue Serotype 1;Genotype V;Argentina;2016;1485 
KX768402;Dengue Serotype 1;Genotype V;Argentina;2016;1485 
KX768403;Dengue Serotype 1;Genotype V;Argentina;2016;1485 
KX768404;Dengue Serotype 1;Genotype V;Argentina;2016;1485 
KX768405;Dengue Serotype 1;Genotype V;Argentina;2016;1485 
KX768406;Dengue Serotype 1;Genotype V;Argentina;2016;1485 
KX768407;Dengue Serotype 1;Genotype V;Argentina;2016;1485 
KX768408;Dengue Serotype 1;Genotype V;Argentina;2016;1485 
KX768409;Dengue Serotype 1;Genotype V;Argentina;2016;1485 
KX768410;Dengue Serotype 1;Genotype V;Argentina;2016;1485 
KX768411;Dengue Serotype 1;Genotype V;Argentina;2016;1485 
KX768412;Dengue Serotype 1;Genotype V;Argentina;2016;1485 
KX768413;Dengue Serotype 1;Genotype V;Argentina;2016;1485 
KX768414;Dengue Serotype 1;Genotype V;Argentina;2016;1485 
KX768415;Dengue Serotype 1;Genotype V;Argentina;2016;1485 
KX768416;Dengue Serotype 1;Genotype V;Argentina;2016;1485 
KX768417;Dengue Serotype 1;Genotype V;Argentina;2016;1485 
KX768418;Dengue Serotype 1;Genotype V;Argentina;2016;1485 
KX768419;Dengue Serotype 1;Genotype V;Argentina;2016;1485 
KY083749;Dengue Serotype 1;Could not assign;Brazil;2016;439 
KY083750;Dengue Serotype 1;Could not assign;Brazil;2016;432 
KY083751;Dengue Serotype 1;Could not assign;Brazil;2016;440 
KY083752;Dengue Serotype 1;Could not assign;Brazil;2016;383 
KY283848;Dengue Serotype 1;Genotype V;Argentina;2016;1485 
KY283849;Dengue Serotype 1;Genotype V;Argentina;2016;1485 
KY283850;Dengue Serotype 1;Genotype V;Argentina;2016;1485 
KY283851;Dengue Serotype 1;Genotype V;Argentina;2016;1485 
KY283852;Dengue Serotype 1;Genotype V;Argentina;2016;1485 
KY283853;Dengue Serotype 1;Genotype V;Argentina;2016;1485 
KY346988;Dengue Serotype 1;Could not assign;Mexico;2012;894 
KY346989;Dengue Serotype 1;Genotype V;Mexico;2013;3591 
KY346990;Dengue Serotype 1;Genotype V;Mexico;2013;1050 
KY346991;Dengue Serotype 1;Genotype V;Mexico;2013;2151 
KY346992;Dengue Serotype 1;Genotype V;Mexico;2013;2322 
KY346993;Dengue Serotype 1;Could not assign;Mexico;2013;300 
KY346994;Dengue Serotype 1;Genotype I;Mexico;2013;813 
KY346995;Dengue Serotype 1;Genotype V;Mexico;2013;3171 
KY346996;Dengue Serotype 1;Genotype V;Mexico;2013;969 
KY346997;Dengue Serotype 1;Genotype V;Mexico;2013;462 
KY346998;Dengue Serotype 1;Genotype V;Mexico;2013;684 
KY346999;Dengue Serotype 1;Genotype V;Mexico;2012;918 
KY347000;Dengue Serotype 1;Genotype V;Mexico;2012;4164 
KY347001;Dengue Serotype 1;Genotype V;Mexico;2012;579 
KY347002;Dengue Serotype 1;Genotype V;Mexico;2012;3498 
KY347003;Dengue Serotype 1;Genotype V;Mexico;2012;2256 
KY347004;Dengue Serotype 1;Could not assign;Mexico;2012;204 
KY347005;Dengue Serotype 1;Genotype V;Mexico;2012;384 
KY347006;Dengue Serotype 1;Genotype V;Mexico;2012;2301 
KY347007;Dengue Serotype 1;Genotype V;Mexico;2013;6393 
KY347008;Dengue Serotype 1;Genotype V;Mexico;2013;1755 
KY347009;Dengue Serotype 1;Genotype V;Mexico;2014;6390 
KY347010;Dengue Serotype 1;Genotype V;Mexico;2014;1929 
KY347011;Dengue Serotype 1;Genotype V;Mexico;2014;6396 
KY347012;Dengue Serotype 1;Genotype V;Mexico;2014;1776 
KY347013;Dengue Serotype 1;Genotype V;Mexico;2014;6396 
KY347014;Dengue Serotype 1;Genotype V;Mexico;2014;1776 
KY461736;Dengue Serotype 1;Genotype V;Costa Rica;2007;1485 
KY461737;Dengue Serotype 1;Genotype V;Costa Rica;2007;1485 
KY461738;Dengue Serotype 1;Genotype V;Costa Rica;2007;1485 
KY461739;Dengue Serotype 1;Genotype V;Costa Rica;2007;1485 
KY461740;Dengue Serotype 1;Genotype V;Costa Rica;2013;1485 
KY461741;Dengue Serotype 1;Genotype V;Costa Rica;2013;1485 
KY461742;Dengue Serotype 1;Genotype V;Costa Rica;2013;1485 
KY461743;Dengue Serotype 1;Genotype V;Costa Rica;2013;1485 
KY461744;Dengue Serotype 1;Genotype V;Costa Rica;2013;1485 
KY461745;Dengue Serotype 1;Genotype V;Costa Rica;2013;1485 
KY461746;Dengue Serotype 1;Genotype V;Costa Rica;2013;1485 
KY461747;Dengue Serotype 1;Genotype V;Costa Rica;2013;1485 
KY461748;Dengue Serotype 1;Genotype V;Costa Rica;2013;1485 
KY461749;Dengue Serotype 1;Genotype V;Costa Rica;2014;1485 
KY461750;Dengue Serotype 1;Genotype V;Costa Rica;2013;1485 
KY461751;Dengue Serotype 1;Genotype V;Costa Rica;2013;1485 
KY461752;Dengue Serotype 1;Genotype V;Costa Rica;2013;1485 
KY461753;Dengue Serotype 1;Genotype V;Costa Rica;2013;1485 
KY461754;Dengue Serotype 1;Genotype V;Costa Rica;2013;1485 
KY461755;Dengue Serotype 1;Genotype V;Costa Rica;2012;1485 
KY474303;Dengue Serotype 1;Genotype V;Ecuador;2014;10678 
KY474304;Dengue Serotype 1;Genotype V;Ecuador;2014;10678 
KY474305;Dengue Serotype 1;Genotype V;Ecuador;2014;10676 
KY474306;Dengue Serotype 1;Genotype V;Ecuador;2014;10677 
KY474307;Dengue Serotype 1;Genotype V;Ecuador;2014;10677 
KY818060;Dengue Serotype 1;Genotype V;Colombia;2013;1983 
KY818061;Dengue Serotype 1;Genotype V;Colombia;2013;1983 
KY818062;Dengue Serotype 1;Genotype V;Colombia;2013;1983 
KY818063;Dengue Serotype 1;Genotype V;Colombia;2013;1983 
KY818064;Dengue Serotype 1;Genotype V;Colombia;2013;1983 
KY818065;Dengue Serotype 1;Genotype V;Colombia;2013;1983 
KY818066;Dengue Serotype 1;Genotype V;Colombia;2013;1983 
KY818067;Dengue Serotype 1;Genotype V;Colombia;2013;1983 
KY818068;Dengue Serotype 1;Genotype V;Colombia;2013;1983 
KY818069;Dengue Serotype 1;Genotype V;Colombia;2013;1983 
KY818070;Dengue Serotype 1;Genotype V;Colombia;2011;1983 
KY818071;Dengue Serotype 1;Genotype V;Colombia;2013;1983 
KY818072;Dengue Serotype 1;Genotype V;Colombia;2013;1983 
KY818073;Dengue Serotype 1;Genotype V;Colombia;2013;1983 
KY818074;Dengue Serotype 1;Genotype V;Colombia;2013;1983 
KY818075;Dengue Serotype 1;Genotype V;Colombia;2013;1983 
KY818076;Dengue Serotype 1;Genotype V;Colombia;2013;1983 
KY818077;Dengue Serotype 1;Genotype V;Colombia;2013;1983 
KY818078;Dengue Serotype 1;Genotype V;Colombia;2013;1983 
KY818079;Dengue Serotype 1;Genotype V;Colombia;2013;1983 
KY818080;Dengue Serotype 1;Genotype V;Colombia;2013;1983 
KY818081;Dengue Serotype 1;Genotype V;Colombia;2013;1983 
KY818082;Dengue Serotype 1;Genotype V;Colombia;2012;1983 
KY818083;Dengue Serotype 1;Genotype V;Colombia;2013;1983 
KY818084;Dengue Serotype 1;Genotype V;Colombia;2013;1983 
KY818085;Dengue Serotype 1;Genotype V;Colombia;2012;1983 
KY818086;Dengue Serotype 1;Genotype V;Colombia;2013;1983 
KY818087;Dengue Serotype 1;Genotype V;Colombia;2013;1983 
KY818088;Dengue Serotype 1;Genotype V;Colombia;2013;1983 
KY818089;Dengue Serotype 1;Genotype V;Colombia;2013;1983 
KY818094;Dengue Serotype 1;Genotype V;Colombia;2013;1983 
KY818095;Dengue Serotype 1;Genotype V;Colombia;2013;1983 
KY818096;Dengue Serotype 1;Genotype V;Colombia;2013;1983 
KY818097;Dengue Serotype 1;Genotype V;Colombia;2012;1983 
KY818098;Dengue Serotype 1;Genotype V;Colombia;2013;1983 
KY818099;Dengue Serotype 1;Genotype V;Colombia;2013;1983 
KY818100;Dengue Serotype 1;Genotype V;Colombia;2013;1983 
KY818101;Dengue Serotype 1;Genotype V;Colombia;2013;1983 
KY818139;Dengue Serotype 1;Genotype V;Honduras;2013;1983 
KY818140;Dengue Serotype 1;Genotype V;Honduras;2014;1983 
KY818141;Dengue Serotype 1;Genotype V;Colombia;2013;1983 
KY818142;Dengue Serotype 1;Genotype V;Colombia;2013;1983 
KY818143;Dengue Serotype 1;Genotype V;Colombia;2013;1983 
KY818144;Dengue Serotype 1;Genotype V;Colombia;2012;1983 
KY818209;Dengue Serotype 1;Genotype V;Mexico;2013;1983 
KY818210;Dengue Serotype 1;Genotype V;Colombia;2012;1983 
KY818211;Dengue Serotype 1;Genotype V;Colombia;2013;1983 
KY818212;Dengue Serotype 1;Genotype V;Colombia;2012;1983 
KY818213;Dengue Serotype 1;Genotype V;Colombia;2013;1983 
KY818214;Dengue Serotype 1;Genotype V;Colombia;2013;1983 
KY818215;Dengue Serotype 1;Genotype V;Colombia;2013;1983 
KY818216;Dengue Serotype 1;Genotype V;Colombia;2013;1983 
KY818217;Dengue Serotype 1;Genotype V;Colombia;2013;1983 
KY818218;Dengue Serotype 1;Genotype V;Colombia;2012;1983 
KY818219;Dengue Serotype 1;Genotype V;Colombia;2013;1983 
KY818220;Dengue Serotype 1;Genotype V;Colombia;2012;1983 
KY818221;Dengue Serotype 1;Genotype V;Colombia;2012;1983 
KY818222;Dengue Serotype 1;Genotype V;Colombia;2013;1983 
KY818223;Dengue Serotype 1;Genotype V;Colombia;2013;1983 
KY818224;Dengue Serotype 1;Genotype V;Colombia;2013;1983 
KY818225;Dengue Serotype 1;Genotype V;Colombia;2012;1983 
KY818226;Dengue Serotype 1;Genotype V;Colombia;2012;1983 
KY818227;Dengue Serotype 1;Genotype V;Colombia;2013;1983 
KY818228;Dengue Serotype 1;Genotype V;Colombia;2013;1983 
KY818229;Dengue Serotype 1;Genotype V;Colombia;2012;1983 
KY818230;Dengue Serotype 1;Genotype V;Brazil;2012;1983 
KY818231;Dengue Serotype 1;Genotype V;Brazil;2012;1983 
KY818232;Dengue Serotype 1;Genotype V;Brazil;2012;1983 
KY818233;Dengue Serotype 1;Genotype V;Brazil;2012;1983 
KY818234;Dengue Serotype 1;Genotype V;Brazil;2013;1983 
KY818235;Dengue Serotype 1;Genotype V;Brazil;2013;1983 
KY818236;Dengue Serotype 1;Genotype V;Brazil;2013;1983 
KY818237;Dengue Serotype 1;Genotype V;Brazil;2012;1983 
KY818238;Dengue Serotype 1;Genotype V;Brazil;2013;1983 
KY818239;Dengue Serotype 1;Genotype V;Brazil;2013;1983 
KY818240;Dengue Serotype 1;Genotype V;Brazil;2012;1983 
KY818241;Dengue Serotype 1;Genotype V;Brazil;2012;1983 
KY818242;Dengue Serotype 1;Genotype V;Brazil;2013;1983 
KY818243;Dengue Serotype 1;Genotype V;Puerto Rico;2013;1983 
KY818244;Dengue Serotype 1;Genotype V;Puerto Rico;2013;1983 
KY818245;Dengue Serotype 1;Genotype V;Puerto Rico;2013;1983 
KY818246;Dengue Serotype 1;Genotype V;Puerto Rico;2013;1983 
KY818247;Dengue Serotype 1;Genotype V;Puerto Rico;2013;1983 
KY818254;Dengue Serotype 1;Genotype V;Puerto Rico;2012;1983 
KY818255;Dengue Serotype 1;Genotype V;Puerto Rico;2013;1983 
KY818256;Dengue Serotype 1;Genotype V;Puerto Rico;2013;1983 
KY818257;Dengue Serotype 1;Genotype V;Puerto Rico;2012;1983 
KY818258;Dengue Serotype 1;Genotype V;Puerto Rico;2013;1983 
KY818259;Dengue Serotype 1;Genotype V;Puerto Rico;2012;1983 
KY818260;Dengue Serotype 1;Genotype V;Mexico;2012;1983 
KY818261;Dengue Serotype 1;Genotype V;Mexico;2012;1983 
KY818262;Dengue Serotype 1;Genotype V;Mexico;2012;1983 
KY818263;Dengue Serotype 1;Genotype V;Mexico;2012;1983 
KY818264;Dengue Serotype 1;Genotype V;Mexico;2012;1983 
KY818265;Dengue Serotype 1;Genotype V;Mexico;2012;1983 
KY818266;Dengue Serotype 1;Genotype V;Mexico;2013;1983 
KY818267;Dengue Serotype 1;Genotype V;Mexico;2012;1983 
KY818268;Dengue Serotype 1;Genotype V;Mexico;2012;1983 
KY818269;Dengue Serotype 1;Genotype V;Mexico;2012;1983 
KY818270;Dengue Serotype 1;Genotype V;Mexico;2012;1983 
KY818271;Dengue Serotype 1;Genotype V;Mexico;2012;1983 
KY818272;Dengue Serotype 1;Genotype V;Mexico;2012;1983 
KY818273;Dengue Serotype 1;Genotype V;Mexico;2012;1983 
KY818274;Dengue Serotype 1;Genotype V;Mexico;2012;1983 
KY818275;Dengue Serotype 1;Genotype V;Mexico;2012;1983 
KY818276;Dengue Serotype 1;Genotype V;Mexico;2013;1983 
KY818277;Dengue Serotype 1;Genotype V;Mexico;2013;1983 
KY818278;Dengue Serotype 1;Genotype V;Mexico;2012;1983 
KY818279;Dengue Serotype 1;Genotype V;Mexico;2012;1983 
KY818280;Dengue Serotype 1;Genotype V;Mexico;2012;1983 
KY818281;Dengue Serotype 1;Genotype V;Mexico;2012;1983 
KY818282;Dengue Serotype 1;Genotype V;Mexico;2012;1983 
KY818283;Dengue Serotype 1;Genotype V;Mexico;2012;1983 
KY818284;Dengue Serotype 1;Genotype V;Mexico;2012;1983 
KY818285;Dengue Serotype 1;Genotype V;Mexico;2012;1983 
KY818286;Dengue Serotype 1;Genotype V;Mexico;2012;1983 
KY818287;Dengue Serotype 1;Genotype V;Mexico;2012;1983 
KY818288;Dengue Serotype 1;Genotype V;Brazil;2012;1983 
KY818289;Dengue Serotype 1;Genotype V;Brazil;2013;1983 
KY829115;Dengue Serotype 1;Genotype V;Saint Barthelemy;2016;10717 
KY882503;Dengue Serotype 1;Genotype V;Honduras;2013;1866 
KY882514;Dengue Serotype 1;Genotype V;Puerto Rico;2013;1866 
KY882515;Dengue Serotype 1;Genotype V;Mexico;2013;1866 
KY882517;Dengue Serotype 1;Genotype V;Mexico;2013;1866 
KY882518;Dengue Serotype 1;Genotype V;Mexico;2012;1866 
KY882519;Dengue Serotype 1;Genotype V;Colombia;2013;1665 
KY882521;Dengue Serotype 1;Genotype V;Colombia;2013;1665 
KY882522;Dengue Serotype 1;Genotype V;Puerto Rico;2013;1821 
KY882523;Dengue Serotype 1;Genotype V;Colombia;2013;1821 
KY882524;Dengue Serotype 1;Genotype V;Puerto Rico;2012;1821 
LN835123;Dengue Serotype 1;Genotype V;Brazil;2010;787 
LN835124;Dengue Serotype 1;Genotype V;Brazil;2010;787 
LN835125;Dengue Serotype 1;Genotype V;Brazil;2010;787 
LN835126;Dengue Serotype 1;Genotype V;Brazil;2010;787 
LN835127;Dengue Serotype 1;Genotype V;Brazil;2011;787 
LN835128;Dengue Serotype 1;Genotype V;Brazil;2011;787 
LN835129;Dengue Serotype 1;Genotype V;Brazil;2011;787 
LN835130;Dengue Serotype 1;Genotype V;Brazil;2011;787 
LN835131;Dengue Serotype 1;Genotype V;Brazil;2011;787 
LN835132;Dengue Serotype 1;Genotype V;Brazil;2011;787 
LN835133;Dengue Serotype 1;Genotype V;Brazil;2011;787 
LN835134;Dengue Serotype 1;Genotype V;Brazil;2011;787 
LN835135;Dengue Serotype 1;Genotype V;Brazil;2011;787 
LN835136;Dengue Serotype 1;Genotype V;Brazil;2011;787 
LN835137;Dengue Serotype 1;Genotype V;Brazil;2011;787 
LN835138;Dengue Serotype 1;Genotype V;Brazil;2011;787 
LN835139;Dengue Serotype 1;Genotype V;Brazil;2011;787 
LN835140;Dengue Serotype 1;Genotype V;Brazil;2011;787 
LN835141;Dengue Serotype 1;Genotype V;Brazil;2011;787 
LN835142;Dengue Serotype 1;Genotype V;Brazil;2011;787 
LN835143;Dengue Serotype 1;Genotype V;Brazil;2011;787 
LN835144;Dengue Serotype 1;Genotype V;Brazil;2011;787 
LN879499;Dengue Serotype 1;Could not assign;Haiti;2015;408 
LN999958;Dengue Serotype 1;Could not assign;Mexico;N/A;408 
M32944;Dengue Serotype 1;Could not assign;Colombia;1986;240 
M32945;Dengue Serotype 1;Could not assign;Colombia;1987;240 
M32946;Dengue Serotype 1;Could not assign;Colombia;1988;240 
M32968;Dengue Serotype 1;Could not assign;Puerto Rico;1969;240 
MF073185;Dengue Serotype 1;Genotype V;Mexico;2007;765 
MF073186;Dengue Serotype 1;Genotype V;Mexico;2007;765 
MF073187;Dengue Serotype 1;Genotype V;Mexico;2007;765 
MF073188;Dengue Serotype 1;Genotype V;Mexico;2007;765 
MF073189;Dengue Serotype 1;Genotype V;Mexico;2007;765 
MF073190;Dengue Serotype 1;Genotype V;Mexico;2007;765 
MF073191;Dengue Serotype 1;Genotype V;Mexico;2007;765 
MF073192;Dengue Serotype 1;Genotype V;Mexico;2007;765 
MF073193;Dengue Serotype 1;Genotype V;Mexico;2007;765 
MF073194;Dengue Serotype 1;Genotype V;Mexico;2007;765 
MF073195;Dengue Serotype 1;Genotype V;Mexico;2007;765 
MG877553;Dengue Serotype 1;Genotype V;Haiti;2012;10719 
MH279620;Dengue Serotype 1;Genotype V;French Guiana;2009;2217 
MH311981;Dengue Serotype 1;Genotype V;Brazil;2012;1485 
MH311982;Dengue Serotype 1;Genotype V;Brazil;2012;1485 
MH349360;Dengue Serotype 1;Genotype V;Uruguay;2016;2325 
MH349361;Dengue Serotype 1;Genotype V;Uruguay;2016;2325 
MH349362;Dengue Serotype 1;Genotype V;Uruguay;2016;2325 
MH349363;Dengue Serotype 1;Genotype V;Uruguay;2016;2325 
MH349364;Dengue Serotype 1;Genotype V;Uruguay;2016;2325 
MH349365;Dengue Serotype 1;Genotype V;Uruguay;2016;2325 
MH349366;Dengue Serotype 1;Genotype V;Uruguay;2016;2325 
MH349367;Dengue Serotype 1;Genotype V;Uruguay;2016;2325 
MH349368;Dengue Serotype 1;Genotype V;Uruguay;2016;2325 
MH349369;Dengue Serotype 1;Genotype V;Uruguay;2016;2325 
MH349370;Dengue Serotype 1;Genotype V;Uruguay;2016;2325 
MH349371;Dengue Serotype 1;Genotype V;Uruguay;2016;2325 
MH349372;Dengue Serotype 1;Genotype V;Uruguay;2016;2325 
MH349373;Dengue Serotype 1;Genotype V;Uruguay;2016;2325 
MH349374;Dengue Serotype 1;Genotype V;Uruguay;2016;2325 
MH349375;Dengue Serotype 1;Genotype V;Uruguay;2016;2325 
MH349376;Dengue Serotype 1;Genotype V;Uruguay;2016;2325 
MH349377;Dengue Serotype 1;Genotype V;Uruguay;2016;2325 
MH349378;Dengue Serotype 1;Genotype V;Uruguay;2016;2325 
MH349379;Dengue Serotype 1;Genotype V;Uruguay;2016;2325 
MH349380;Dengue Serotype 1;Genotype V;Uruguay;2016;2325 
MH349381;Dengue Serotype 1;Genotype V;Uruguay;2016;2325 
MH349382;Dengue Serotype 1;Genotype V;Uruguay;2016;2325 
MH349383;Dengue Serotype 1;Genotype V;Uruguay;2016;2325 
MH349384;Dengue Serotype 1;Genotype V;Uruguay;2016;2325 
MH349385;Dengue Serotype 1;Genotype V;Uruguay;2016;2325 
MH349386;Dengue Serotype 1;Genotype V;Uruguay;2016;2325 
MH349387;Dengue Serotype 1;Genotype V;Uruguay;2016;2325 
MH349388;Dengue Serotype 1;Could not assign;Uruguay;2016;216 
MH349389;Dengue Serotype 1;Could not assign;Uruguay;2016;216 
MH349390;Dengue Serotype 1;Could not assign;Uruguay;2016;216 
MH349391;Dengue Serotype 1;Could not assign;Uruguay;2016;216 
MH349392;Dengue Serotype 1;Could not assign;Uruguay;2016;216 
MH349393;Dengue Serotype 1;Could not assign;Uruguay;2016;216 
MH349394;Dengue Serotype 1;Could not assign;Uruguay;2016;216 
MH349395;Dengue Serotype 1;Could not assign;Uruguay;2016;216 
MH349396;Dengue Serotype 1;Could not assign;Uruguay;2016;216 
MH349397;Dengue Serotype 1;Could not assign;Uruguay;2016;216 
MH349398;Dengue Serotype 1;Could not assign;Uruguay;2016;216 
MH349399;Dengue Serotype 1;Could not assign;Uruguay;2016;216 
MH349400;Dengue Serotype 1;Could not assign;Uruguay;2016;216 
MH349401;Dengue Serotype 1;Could not assign;Uruguay;2016;216 
MH349402;Dengue Serotype 1;Could not assign;Uruguay;2016;216 
MH349403;Dengue Serotype 1;Could not assign;Uruguay;2016;216 
MH349404;Dengue Serotype 1;Could not assign;Uruguay;2016;216 
MH349405;Dengue Serotype 1;Could not assign;Uruguay;2016;216 
MH349406;Dengue Serotype 1;Could not assign;Uruguay;2016;216 
MH349407;Dengue Serotype 1;Could not assign;Uruguay;2016;216 
MH349408;Dengue Serotype 1;Could not assign;Uruguay;2016;216 
MH349409;Dengue Serotype 1;Could not assign;Uruguay;2016;216 
MH349410;Dengue Serotype 1;Could not assign;Uruguay;2016;216 
MH349411;Dengue Serotype 1;Could not assign;Uruguay;2016;216 
MH349412;Dengue Serotype 1;Could not assign;Uruguay;2016;216 
MH349413;Dengue Serotype 1;Could not assign;Uruguay;2016;216 
MH349414;Dengue Serotype 1;Could not assign;Uruguay;2016;216 
MH349415;Dengue Serotype 1;Could not assign;Uruguay;2016;216 
MH367214;Dengue Serotype 1;Could not assign;Brazil;2015;295 
MH367215;Dengue Serotype 1;Genotype V;Brazil;2015;391 
MH367216;Dengue Serotype 1;Genotype V;Brazil;2015;450 
MH367217;Dengue Serotype 1;Could not assign;Brazil;2016;298 
MH367218;Dengue Serotype 1;Could not assign;Brazil;2015;408 
MH397677;Dengue Serotype 1;Genotype V;Brazil;2011;453 
MH401971;Dengue Serotype 1;Genotype V;Brazil;2012;1485 
MH401972;Dengue Serotype 1;Genotype V;Brazil;2012;1485 
MH401973;Dengue Serotype 1;Genotype V;Brazil;2012;1485 
MH401974;Dengue Serotype 1;Genotype V;Brazil;2012;1485 
MH401975;Dengue Serotype 1;Genotype V;Brazil;2013;1485 
MH401976;Dengue Serotype 1;Genotype V;Brazil;2013;1485 
MH401977;Dengue Serotype 1;Genotype V;Brazil;2013;1485 
MH401978;Dengue Serotype 1;Genotype V;Brazil;2014;1485 
MH401979;Dengue Serotype 1;Genotype V;Brazil;2014;1485 
MH401980;Dengue Serotype 1;Genotype V;Brazil;2014;1485 
MH401981;Dengue Serotype 1;Genotype V;Brazil;2015;1485 
MH401982;Dengue Serotype 1;Genotype V;Brazil;2015;1485 
MH401983;Dengue Serotype 1;Genotype V;Brazil;2015;1485 
MH401984;Dengue Serotype 1;Genotype V;Brazil;2015;1485 
MH401985;Dengue Serotype 1;Genotype V;Brazil;2015;1485 
MH401986;Dengue Serotype 1;Genotype V;Brazil;2015;1485 
MH401987;Dengue Serotype 1;Genotype V;Brazil;2014;1485 
MH401988;Dengue Serotype 1;Genotype V;Brazil;2014;1485 
MH401989;Dengue Serotype 1;Genotype V;Brazil;2014;1485 
MH401990;Dengue Serotype 1;Genotype V;Brazil;2012;1485 
MH401991;Dengue Serotype 1;Genotype V;Brazil;2012;1485 
MH401992;Dengue Serotype 1;Genotype V;Brazil;2012;1485 
MH401993;Dengue Serotype 1;Genotype V;Brazil;2015;1485 
MH401994;Dengue Serotype 1;Genotype V;Brazil;2016;1485 
MH401995;Dengue Serotype 1;Genotype V;Brazil;2016;1485 
MH401996;Dengue Serotype 1;Genotype V;Brazil;2016;1485 
MH401997;Dengue Serotype 1;Genotype V;Brazil;2015;1485 
MH401998;Dengue Serotype 1;Genotype V;Brazil;2016;1485 
MH401999;Dengue Serotype 1;Genotype V;Brazil;2016;1485 
MH450312;Dengue Serotype 1;Genotype V;Venezuela;2015;10752 
MH634394;Dengue Serotype 1;Genotype IV;USA;2001;1484 
MH634395;Dengue Serotype 1;Genotype IV;USA;2001;1484 
MH634396;Dengue Serotype 1;Genotype IV;USA;2001;1484 
MH634397;Dengue Serotype 1;Genotype IV;USA;2001;1484 
MH634398;Dengue Serotype 1;Genotype IV;USA;2001;1484 
MH634399;Dengue Serotype 1;Genotype IV;USA;2001;1484 
MH634400;Dengue Serotype 1;Genotype IV;USA;2001;1484 
MH634401;Dengue Serotype 1;Genotype IV;USA;2001;1484 
MH634402;Dengue Serotype 1;Genotype I;USA;2015;1484 
MH634403;Dengue Serotype 1;Genotype I;USA;2015;1484 
MH634404;Dengue Serotype 1;Genotype I;USA;2015;1484 
MH634405;Dengue Serotype 1;Genotype I;USA;2014;1484 
MH634406;Dengue Serotype 1;Genotype I;USA;2015;1484 
MH634407;Dengue Serotype 1;Genotype I;USA;2015;1484 
MH634408;Dengue Serotype 1;Genotype I;USA;2015;1484 
MH634409;Dengue Serotype 1;Genotype I;USA;2015;1484 
MH634410;Dengue Serotype 1;Genotype I;USA;2015;1484 
MH634411;Dengue Serotype 1;Genotype I;USA;2015;1484 
MH634412;Dengue Serotype 1;Genotype I;USA;2015;1484 
MH634413;Dengue Serotype 1;Genotype I;USA;2015;1484 
MH634414;Dengue Serotype 1;Genotype I;USA;2015;1484 
MH634415;Dengue Serotype 1;Genotype I;USA;2015;1484 
MH634416;Dengue Serotype 1;Genotype I;USA;2015;1484 
MH634417;Dengue Serotype 1;Genotype I;USA;2015;1484 
MH634418;Dengue Serotype 1;Genotype I;USA;2015;1484 
MH634419;Dengue Serotype 1;Genotype I;USA;2015;1484 
MH634420;Dengue Serotype 1;Genotype I;USA;2015;1484 
MH634421;Dengue Serotype 1;Genotype I;USA;2015;1484 
MH634422;Dengue Serotype 1;Genotype I;USA;2015;1484 
MH708479;Dengue Serotype 1;Genotype V;Dominican Republic;2013;601 
MH879156;Dengue Serotype 1;Genotype V;Panama;1998;1364 
MH879157;Dengue Serotype 1;Genotype V;Panama;2004;1364 
MH879158;Dengue Serotype 1;Genotype V;Panama;2009;1364 
MH879159;Dengue Serotype 1;Genotype V;Panama;2011;1364 
MH879160;Dengue Serotype 1;Genotype V;Panama;2015;1364 
MH879161;Dengue Serotype 1;Genotype V;Panama;2016;1364 
MH879162;Dengue Serotype 1;Genotype V;Panama;2017;1364 
MH879163;Dengue Serotype 1;Genotype V;Panama;2017;1364 
MH879164;Dengue Serotype 1;Genotype V;Panama;2011;1364 
MH879165;Dengue Serotype 1;Genotype V;Panama;2011;1364 
MH879166;Dengue Serotype 1;Genotype V;Panama;2011;1364 
MH879167;Dengue Serotype 1;Genotype V;Panama;2013;1364 
MH879168;Dengue Serotype 1;Genotype V;Panama;2016;1364 
MH879169;Dengue Serotype 1;Genotype V;Panama;2017;1364 
MH879170;Dengue Serotype 1;Genotype V;Panama;1995;1575 
MH879171;Dengue Serotype 1;Genotype V;Panama;1995;1575 
MH879172;Dengue Serotype 1;Genotype V;Panama;1995;1575 
MH879173;Dengue Serotype 1;Genotype V;Panama;1995;1575 
MH879174;Dengue Serotype 1;Genotype V;Panama;1995;1575 
MH879175;Dengue Serotype 1;Genotype V;Panama;1995;1575 
MH879176;Dengue Serotype 1;Genotype V;Panama;1995;1575 
MH879177;Dengue Serotype 1;Genotype V;Panama;1996;1575 
MH879178;Dengue Serotype 1;Genotype V;Panama;1996;1575 
MH879179;Dengue Serotype 1;Genotype V;Panama;1996;1575 
MH879180;Dengue Serotype 1;Genotype V;Panama;1996;1575 
MH879181;Dengue Serotype 1;Genotype V;Panama;1996;1575 
MH879182;Dengue Serotype 1;Genotype V;Panama;1996;1575 
MH879183;Dengue Serotype 1;Genotype V;Panama;1996;1575 
MH879184;Dengue Serotype 1;Genotype V;Panama;1996;1575 
MH879185;Dengue Serotype 1;Genotype V;Panama;1997;1575 
MH879186;Dengue Serotype 1;Genotype V;Panama;1997;1575 
MH879187;Dengue Serotype 1;Genotype V;Panama;1997;1575 
MH879188;Dengue Serotype 1;Genotype V;Panama;1997;1575 
MH879189;Dengue Serotype 1;Genotype V;Panama;1997;1575 
MH879190;Dengue Serotype 1;Genotype V;Panama;1997;1575 
MH879191;Dengue Serotype 1;Genotype V;Panama;1997;1575 
MH879192;Dengue Serotype 1;Genotype V;Panama;1997;1575 
MH879193;Dengue Serotype 1;Genotype V;Panama;1997;1575 
MH879194;Dengue Serotype 1;Genotype V;Panama;1997;1575 
MH879195;Dengue Serotype 1;Genotype V;Panama;1997;1575 
MH879196;Dengue Serotype 1;Genotype V;Panama;1997;1575 
MH879197;Dengue Serotype 1;Genotype V;Panama;1997;1575 
MH879198;Dengue Serotype 1;Genotype V;Panama;1997;1575 
MH879199;Dengue Serotype 1;Genotype V;Panama;1997;1575 
MH879200;Dengue Serotype 1;Genotype V;Panama;1998;1575 
MH879201;Dengue Serotype 1;Genotype V;Panama;1998;1575 
MH879202;Dengue Serotype 1;Genotype V;Panama;1998;1575 
MH879203;Dengue Serotype 1;Genotype V;Panama;1998;1575 
MH879204;Dengue Serotype 1;Genotype V;Panama;1998;1575 
MH879205;Dengue Serotype 1;Genotype V;Panama;1998;1575 
MH879206;Dengue Serotype 1;Genotype V;Panama;1998;1575 
MH879207;Dengue Serotype 1;Genotype V;Panama;1998;1575 
MH879208;Dengue Serotype 1;Genotype V;Panama;1999;1575 
MH879209;Dengue Serotype 1;Genotype V;Panama;1999;1575 
MH879210;Dengue Serotype 1;Genotype V;Panama;1999;1575 
MH879211;Dengue Serotype 1;Genotype V;Panama;1999;1575 
MH879212;Dengue Serotype 1;Genotype V;Panama;1999;1575 
MH879213;Dengue Serotype 1;Genotype V;Panama;1999;1575 
MH879214;Dengue Serotype 1;Genotype V;Panama;1999;1575 
MH879215;Dengue Serotype 1;Genotype V;Panama;2000;1575 
MH879216;Dengue Serotype 1;Genotype V;Panama;2004;1575 
MH879217;Dengue Serotype 1;Genotype V;Panama;2004;1575 
MH879218;Dengue Serotype 1;Genotype V;Panama;2004;1575 
MH879219;Dengue Serotype 1;Genotype V;Panama;2009;1575 
MH879220;Dengue Serotype 1;Genotype V;Panama;2009;1575 
MH879221;Dengue Serotype 1;Genotype V;Panama;2009;1575 
MH879222;Dengue Serotype 1;Genotype V;Panama;2009;1575 
MH879223;Dengue Serotype 1;Genotype V;Panama;2009;1575 
MH879224;Dengue Serotype 1;Genotype V;Panama;2009;1575 
MH879225;Dengue Serotype 1;Genotype V;Panama;2011;1575 
MH879226;Dengue Serotype 1;Genotype V;Panama;2010;1575 
MH879227;Dengue Serotype 1;Genotype V;Panama;2011;1575 
MH879228;Dengue Serotype 1;Genotype V;Panama;2011;1575 
MH879229;Dengue Serotype 1;Genotype V;Panama;2012;1575 
MH879230;Dengue Serotype 1;Genotype V;Panama;2012;1575 
MH879231;Dengue Serotype 1;Genotype V;Panama;2013;1575 
MH879232;Dengue Serotype 1;Genotype V;Panama;2014;1575 
MH879233;Dengue Serotype 1;Genotype V;Panama;2010;1575 
MH879234;Dengue Serotype 1;Genotype V;Panama;2015;1575 
MH879235;Dengue Serotype 1;Genotype V;Panama;2015;1575 
MH879236;Dengue Serotype 1;Genotype V;Panama;2015;1575 
MH879237;Dengue Serotype 1;Genotype V;Panama;2016;1575 
MH879238;Dengue Serotype 1;Genotype V;Panama;2016;1575 
MH879239;Dengue Serotype 1;Genotype V;Panama;2017;1575 
MH879240;Dengue Serotype 1;Genotype V;Panama;2017;1575 
MH879241;Dengue Serotype 1;Genotype V;Panama;2011;1575 
MH879242;Dengue Serotype 1;Genotype V;Panama;2015;1575 
MH879243;Dengue Serotype 1;Genotype V;Panama;2016;1575 
MH879244;Dengue Serotype 1;Genotype V;Panama;2016;1575 
MH879245;Dengue Serotype 1;Genotype V;Panama;2012;1575 
MH879246;Dengue Serotype 1;Genotype V;Panama;2013;1575 
MH879247;Dengue Serotype 1;Genotype V;Panama;2010;1575 
MH879248;Dengue Serotype 1;Genotype V;Panama;2017;1575 
MH936421;Dengue Serotype 1;Genotype V;Mexico;2017;1479 
MH936422;Dengue Serotype 1;Genotype V;Mexico;2017;1479 
MH936423;Dengue Serotype 1;Genotype V;Mexico;2018;1479 
MH936424;Dengue Serotype 1;Genotype V;Mexico;2018;1479 
MH936425;Dengue Serotype 1;Genotype V;Mexico;2018;1479 
MH936426;Dengue Serotype 1;Genotype V;Mexico;2016;1479 
MH936427;Dengue Serotype 1;Genotype V;Mexico;2018;1479 
MH938335;Dengue Serotype 1;Genotype V;Brazil;2015;325 
MH939165;Dengue Serotype 1;Could not assign;Brazil;2018;367 
MH939166;Dengue Serotype 1;Genotype V;Brazil;2018;849 
MH939167;Dengue Serotype 1;Genotype V;Brazil;2018;938 
MH939168;Dengue Serotype 1;Genotype V;Brazil;2017;938 
MK039554;Dengue Serotype 1;Genotype V;Puerto Rico;2013;1485 
MK039555;Dengue Serotype 1;Genotype V;Puerto Rico;2013;1485 
MK040424;Dengue Serotype 1;Genotype V;Colombia;2013;1485 
S58489;Dengue Serotype 1;Could not assign;USA;N/A;304 
S64849;Dengue Serotype 1;Genotype V;Brazil;1990;2325 
U09481;Dengue Serotype 1;Could not assign;USA;1945;426 
X76219;Dengue Serotype 1;Genotype I;USA;1945;1485 
